signal_thresh,max_pos,top_k,conf_weight,total_return,sharpe,max_dd,win_rate,n_trades,avg_pos,pct_active
0.5,5,all,False,12.14781622345135,0.9181018819599149,-0.36253595153171236,0.5274993370458764,18855,5.0,62.84526042965742
0.5,5,all,True,13.980695752627335,0.9382695837547731,-0.361941887972717,0.5274993370458764,18855,5.0,62.84526042965742
0.5,5,5,False,12.14781622345135,0.9181018819599149,-0.36253595153171236,0.5274993370458764,18855,5.0,62.84526042965742
0.5,5,5,True,13.980695752627335,0.9382695837547731,-0.361941887972717,0.5274993370458764,18855,5.0,62.84526042965742
0.5,10,all,False,8.316183174275158,0.877132237606174,-0.35480209096679427,0.5270485282418457,37710,10.0,62.84526042965742
0.5,10,all,True,10.115213005415956,0.9182649124717982,-0.35641729491367935,0.5270485282418457,37710,10.0,62.84526042965742
0.5,10,5,False,12.14781622345135,0.9181018819599149,-0.36253595153171236,0.5274993370458764,18855,5.0,62.84526042965742
0.5,10,5,True,13.980695752627335,0.9382695837547731,-0.361941887972717,0.5274993370458764,18855,5.0,62.84526042965742
0.5,10,10,False,8.316183174275158,0.877132237606174,-0.35480209096679427,0.5270485282418457,37710,10.0,62.84526042965742
0.5,10,10,True,10.115213005415956,0.9182649124717982,-0.35641729491367935,0.5270485282418457,37710,10.0,62.84526042965742
0.5,15,all,False,6.65053797089971,0.8363854346055054,-0.36148001376077343,0.5269022942687572,56445,14.968178202068417,62.84526042965742
0.5,15,all,True,8.633363000149599,0.8999842674061893,-0.3617955883710253,0.5269022942687572,56445,14.968178202068417,62.84526042965742
0.5,15,5,False,12.14781622345135,0.9181018819599149,-0.36253595153171236,0.5274993370458764,18855,5.0,62.84526042965742
0.5,15,5,True,13.980695752627335,0.9382695837547731,-0.361941887972717,0.5274993370458764,18855,5.0,62.84526042965742
0.5,15,10,False,8.316183174275158,0.877132237606174,-0.35480209096679427,0.5270485282418457,37710,10.0,62.84526042965742
0.5,15,10,True,10.115213005415956,0.9182649124717982,-0.35641729491367935,0.5270485282418457,37710,10.0,62.84526042965742
0.5,15,15,False,6.65053797089971,0.8363854346055054,-0.36148001376077343,0.5269022942687572,56445,14.968178202068417,62.84526042965742
0.5,15,15,True,8.633363000149599,0.8999842674061893,-0.3617955883710253,0.5269022942687572,56445,14.968178202068417,62.84526042965742
0.5,20,all,False,6.132928344954298,0.8219656629987742,-0.3726603585778777,0.5272497337593184,75120,19.920445505171042,62.84526042965742
0.5,20,all,True,8.23373643358243,0.899283206316292,-0.37182914904496056,0.5272497337593184,75120,19.920445505171042,62.84526042965742
0.5,20,5,False,12.14781622345135,0.9181018819599149,-0.36253595153171236,0.5274993370458764,18855,5.0,62.84526042965742
0.5,20,5,True,13.980695752627335,0.9382695837547731,-0.361941887972717,0.5274993370458764,18855,5.0,62.84526042965742
0.5,20,10,False,8.316183174275158,0.877132237606174,-0.35480209096679427,0.5270485282418457,37710,10.0,62.84526042965742
0.5,20,10,True,10.115213005415956,0.9182649124717982,-0.35641729491367935,0.5270485282418457,37710,10.0,62.84526042965742
0.5,20,15,False,6.65053797089971,0.8363854346055054,-0.36148001376077343,0.5269022942687572,56445,14.968178202068417,62.84526042965742
0.5,20,15,True,8.633363000149599,0.8999842674061893,-0.3617955883710253,0.5269022942687572,56445,14.968178202068417,62.84526042965742
0.5,20,20,False,6.132928344954298,0.8219656629987742,-0.3726603585778777,0.5272497337593184,75120,19.920445505171042,62.84526042965742
0.5,20,20,True,8.23373643358243,0.899283206316292,-0.37182914904496056,0.5272497337593184,75120,19.920445505171042,62.84526042965742
0.5,25,all,False,6.655366740765244,0.8592992485023672,-0.36417484292533464,0.5280139454800176,93507,24.796340493237867,62.84526042965742
0.5,25,all,True,8.720811937356155,0.9292421111311149,-0.3650472659059625,0.5280139454800176,93507,24.796340493237867,62.84526042965742
0.5,25,5,False,12.14781622345135,0.9181018819599149,-0.36253595153171236,0.5274993370458764,18855,5.0,62.84526042965742
0.5,25,5,True,13.980695752627335,0.9382695837547731,-0.361941887972717,0.5274993370458764,18855,5.0,62.84526042965742
0.5,25,10,False,8.316183174275158,0.877132237606174,-0.35480209096679427,0.5270485282418457,37710,10.0,62.84526042965742
0.5,25,10,True,10.115213005415956,0.9182649124717982,-0.35641729491367935,0.5270485282418457,37710,10.0,62.84526042965742
0.5,25,15,False,6.65053797089971,0.8363854346055054,-0.36148001376077343,0.5269022942687572,56445,14.968178202068417,62.84526042965742
0.5,25,15,True,8.633363000149599,0.8999842674061893,-0.3617955883710253,0.5269022942687572,56445,14.968178202068417,62.84526042965742
0.5,25,20,False,6.132928344954298,0.8219656629987742,-0.3726603585778777,0.5272497337593184,75120,19.920445505171042,62.84526042965742
0.5,25,20,True,8.23373643358243,0.899283206316292,-0.37182914904496056,0.5272497337593184,75120,19.920445505171042,62.84526042965742
0.5,30,all,False,6.824167547479668,0.870345154548613,-0.3538507812720928,0.5275223602373142,111582,29.589498806682577,62.84526042965742
0.5,30,all,True,8.955872632553392,0.9417377284334991,-0.3572077311644787,0.5275223602373142,111582,29.589498806682577,62.84526042965742
0.5,30,5,False,12.14781622345135,0.9181018819599149,-0.36253595153171236,0.5274993370458764,18855,5.0,62.84526042965742
0.5,30,5,True,13.980695752627335,0.9382695837547731,-0.361941887972717,0.5274993370458764,18855,5.0,62.84526042965742
0.5,30,10,False,8.316183174275158,0.877132237606174,-0.35480209096679427,0.5270485282418457,37710,10.0,62.84526042965742
0.5,30,10,True,10.115213005415956,0.9182649124717982,-0.35641729491367935,0.5270485282418457,37710,10.0,62.84526042965742
0.5,30,15,False,6.65053797089971,0.8363854346055054,-0.36148001376077343,0.5269022942687572,56445,14.968178202068417,62.84526042965742
0.5,30,15,True,8.633363000149599,0.8999842674061893,-0.3617955883710253,0.5269022942687572,56445,14.968178202068417,62.84526042965742
0.5,30,20,False,6.132928344954298,0.8219656629987742,-0.3726603585778777,0.5272497337593184,75120,19.920445505171042,62.84526042965742
0.5,30,20,True,8.23373643358243,0.899283206316292,-0.37182914904496056,0.5272497337593184,75120,19.920445505171042,62.84526042965742
0.505,5,all,False,12.14781622345135,0.9181018819599149,-0.36253595153171236,0.5274993370458764,18855,5.0,57.98314771236159
0.505,5,all,True,13.980695752627335,0.9382695837547731,-0.361941887972717,0.5274993370458764,18855,5.0,57.98314771236159
0.505,5,5,False,12.14781622345135,0.9181018819599149,-0.36253595153171236,0.5274993370458764,18855,5.0,57.98314771236159
0.505,5,5,True,13.980695752627335,0.9382695837547731,-0.361941887972717,0.5274993370458764,18855,5.0,57.98314771236159
0.505,10,all,False,8.34501984108463,0.8781662334501948,-0.3548020909667945,0.5272249641776787,37686,9.993635640413684,57.98314771236159
0.505,10,all,True,10.118362801096051,0.9183609000351926,-0.35641729491367924,0.5272249641776787,37686,9.993635640413684,57.98314771236159
0.505,10,5,False,12.14781622345135,0.9181018819599149,-0.36253595153171236,0.5274993370458764,18855,5.0,57.98314771236159
0.505,10,5,True,13.980695752627335,0.9382695837547731,-0.361941887972717,0.5274993370458764,18855,5.0,57.98314771236159
0.505,10,10,False,8.34501984108463,0.8781662334501948,-0.3548020909667945,0.5272249641776787,37686,9.993635640413684,57.98314771236159
0.505,10,10,True,10.118362801096051,0.9183609000351926,-0.35641729491367924,0.5272249641776787,37686,9.993635640413684,57.98314771236159
0.505,15,all,False,6.627181119655576,0.8353032352233141,-0.3614800137607733,0.5270195974106588,56385,14.952267303102625,57.98314771236159
0.505,15,all,True,8.620715243297203,0.8995070925043759,-0.36179558837102543,0.5270195974106588,56385,14.952267303102625,57.98314771236159
0.505,15,5,False,12.14781622345135,0.9181018819599149,-0.36253595153171236,0.5274993370458764,18855,5.0,57.98314771236159
0.505,15,5,True,13.980695752627335,0.9382695837547731,-0.361941887972717,0.5274993370458764,18855,5.0,57.98314771236159
0.505,15,10,False,8.34501984108463,0.8781662334501948,-0.3548020909667945,0.5272249641776787,37686,9.993635640413684,57.98314771236159
0.505,15,10,True,10.118362801096051,0.9183609000351926,-0.35641729491367924,0.5272249641776787,37686,9.993635640413684,57.98314771236159
0.505,15,15,False,6.627181119655576,0.8353032352233141,-0.3614800137607733,0.5270195974106588,56385,14.952267303102625,57.98314771236159
0.505,15,15,True,8.620715243297203,0.8995070925043759,-0.36179558837102543,0.5270195974106588,56385,14.952267303102625,57.98314771236159
0.505,20,all,False,6.139406621156737,0.8227730637347987,-0.3726603585778777,0.5274036662925552,74844,19.8472553699284,57.98314771236159
0.505,20,all,True,8.237192115346843,0.8993900664802517,-0.3718291490449601,0.5274036662925552,74844,19.8472553699284,57.98314771236159
0.505,20,5,False,12.14781622345135,0.9181018819599149,-0.36253595153171236,0.5274993370458764,18855,5.0,57.98314771236159
0.505,20,5,True,13.980695752627335,0.9382695837547731,-0.361941887972717,0.5274993370458764,18855,5.0,57.98314771236159
0.505,20,10,False,8.34501984108463,0.8781662334501948,-0.3548020909667945,0.5272249641776787,37686,9.993635640413684,57.98314771236159
0.505,20,10,True,10.118362801096051,0.9183609000351926,-0.35641729491367924,0.5272249641776787,37686,9.993635640413684,57.98314771236159
0.505,20,15,False,6.627181119655576,0.8353032352233141,-0.3614800137607733,0.5270195974106588,56385,14.952267303102625,57.98314771236159
0.505,20,15,True,8.620715243297203,0.8995070925043759,-0.36179558837102543,0.5270195974106588,56385,14.952267303102625,57.98314771236159
0.505,20,20,False,6.139406621156737,0.8227730637347987,-0.3726603585778777,0.5274036662925552,74844,19.8472553699284,57.98314771236159
0.505,20,20,True,8.237192115346843,0.8993900664802517,-0.3718291490449601,0.5274036662925552,74844,19.8472553699284,57.98314771236159
0.505,25,all,False,6.695890397956485,0.861580938272333,-0.3641748429253342,0.5281157549351837,92955,24.649960222752586,57.98314771236159
0.505,25,all,True,8.76063236042948,0.9302163555314394,-0.3650472659059626,0.5281157549351837,92955,24.649960222752586,57.98314771236159
0.505,25,5,False,12.14781622345135,0.9181018819599149,-0.36253595153171236,0.5274993370458764,18855,5.0,57.98314771236159
0.505,25,5,True,13.980695752627335,0.9382695837547731,-0.361941887972717,0.5274993370458764,18855,5.0,57.98314771236159
0.505,25,10,False,8.34501984108463,0.8781662334501948,-0.3548020909667945,0.5272249641776787,37686,9.993635640413684,57.98314771236159
0.505,25,10,True,10.118362801096051,0.9183609000351926,-0.35641729491367924,0.5272249641776787,37686,9.993635640413684,57.98314771236159
0.505,25,15,False,6.627181119655576,0.8353032352233141,-0.3614800137607733,0.5270195974106588,56385,14.952267303102625,57.98314771236159
0.505,25,15,True,8.620715243297203,0.8995070925043759,-0.36179558837102543,0.5270195974106588,56385,14.952267303102625,57.98314771236159
0.505,25,20,False,6.139406621156737,0.8227730637347987,-0.3726603585778777,0.5274036662925552,74844,19.8472553699284,57.98314771236159
0.505,25,20,True,8.237192115346843,0.8993900664802517,-0.3718291490449601,0.5274036662925552,74844,19.8472553699284,57.98314771236159
0.505,30,all,False,6.789381726093966,0.8683381113746089,-0.3538507812720927,0.5276887706149641,110478,29.296738265712012,57.98314771236159
0.505,30,all,True,8.989803084545708,0.9421977068275476,-0.35720773116447857,0.5276887706149641,110478,29.296738265712012,57.98314771236159
0.505,30,5,False,12.14781622345135,0.9181018819599149,-0.36253595153171236,0.5274993370458764,18855,5.0,57.98314771236159
0.505,30,5,True,13.980695752627335,0.9382695837547731,-0.361941887972717,0.5274993370458764,18855,5.0,57.98314771236159
0.505,30,10,False,8.34501984108463,0.8781662334501948,-0.3548020909667945,0.5272249641776787,37686,9.993635640413684,57.98314771236159
0.505,30,10,True,10.118362801096051,0.9183609000351926,-0.35641729491367924,0.5272249641776787,37686,9.993635640413684,57.98314771236159
0.505,30,15,False,6.627181119655576,0.8353032352233141,-0.3614800137607733,0.5270195974106588,56385,14.952267303102625,57.98314771236159
0.505,30,15,True,8.620715243297203,0.8995070925043759,-0.36179558837102543,0.5270195974106588,56385,14.952267303102625,57.98314771236159
0.505,30,20,False,6.139406621156737,0.8227730637347987,-0.3726603585778777,0.5274036662925552,74844,19.8472553699284,57.98314771236159
0.505,30,20,True,8.237192115346843,0.8993900664802517,-0.3718291490449601,0.5274036662925552,74844,19.8472553699284,57.98314771236159
0.51,5,all,False,12.14781622345135,0.9181018819599149,-0.36253595153171236,0.5274993370458764,18855,5.0,52.91363473696767
0.51,5,all,True,13.980695752627335,0.9382695837547731,-0.361941887972717,0.5274993370458764,18855,5.0,52.91363473696767
0.51,5,5,False,12.14781622345135,0.9181018819599149,-0.36253595153171236,0.5274993370458764,18855,5.0,52.91363473696767
0.51,5,5,True,13.980695752627335,0.9382695837547731,-0.361941887972717,0.5274993370458764,18855,5.0,52.91363473696767
0.51,10,all,False,8.183789926549405,0.8722103089839753,-0.35480209096679427,0.5273036635295368,37614,9.974542561654733,52.91363473696767
0.51,10,all,True,10.015112340984913,0.9152447728392568,-0.35641729491367913,0.5273036635295368,37614,9.974542561654733,52.91363473696767
0.51,10,5,False,12.14781622345135,0.9181018819599149,-0.36253595153171236,0.5274993370458764,18855,5.0,52.91363473696767
0.51,10,5,True,13.980695752627335,0.9382695837547731,-0.361941887972717,0.5274993370458764,18855,5.0,52.91363473696767
0.51,10,10,False,8.183789926549405,0.8722103089839753,-0.35480209096679427,0.5273036635295368,37614,9.974542561654733,52.91363473696767
0.51,10,10,True,10.015112340984913,0.9152447728392568,-0.35641729491367913,0.5273036635295368,37614,9.974542561654733,52.91363473696767
0.51,15,all,False,6.665746752653544,0.837101490146433,-0.3614800137607733,0.5272364885305999,56193,14.901352426412092,52.91363473696767
0.51,15,all,True,8.605687441352835,0.89884534399493,-0.36179558837102566,0.5272364885305999,56193,14.901352426412092,52.91363473696767
0.51,15,5,False,12.14781622345135,0.9181018819599149,-0.36253595153171236,0.5274993370458764,18855,5.0,52.91363473696767
0.51,15,5,True,13.980695752627335,0.9382695837547731,-0.361941887972717,0.5274993370458764,18855,5.0,52.91363473696767
0.51,15,10,False,8.183789926549405,0.8722103089839753,-0.35480209096679427,0.5273036635295368,37614,9.974542561654733,52.91363473696767
0.51,15,10,True,10.015112340984913,0.9152447728392568,-0.35641729491367913,0.5273036635295368,37614,9.974542561654733,52.91363473696767
0.51,15,15,False,6.665746752653544,0.837101490146433,-0.3614800137607733,0.5272364885305999,56193,14.901352426412092,52.91363473696767
0.51,15,15,True,8.605687441352835,0.89884534399493,-0.36179558837102566,0.5272364885305999,56193,14.901352426412092,52.91363473696767
0.51,20,all,False,6.458236701879818,0.8380183154140171,-0.3726603585778774,0.5277732945986658,74352,19.71678599840891,52.91363473696767
0.51,20,all,True,8.392322973532075,0.9040117228340004,-0.37182914904496045,0.5277732945986658,74352,19.71678599840891,52.91363473696767
0.51,20,5,False,12.14781622345135,0.9181018819599149,-0.36253595153171236,0.5274993370458764,18855,5.0,52.91363473696767
0.51,20,5,True,13.980695752627335,0.9382695837547731,-0.361941887972717,0.5274993370458764,18855,5.0,52.91363473696767
0.51,20,10,False,8.183789926549405,0.8722103089839753,-0.35480209096679427,0.5273036635295368,37614,9.974542561654733,52.91363473696767
0.51,20,10,True,10.015112340984913,0.9152447728392568,-0.35641729491367913,0.5273036635295368,37614,9.974542561654733,52.91363473696767
0.51,20,15,False,6.665746752653544,0.837101490146433,-0.3614800137607733,0.5272364885305999,56193,14.901352426412092,52.91363473696767
0.51,20,15,True,8.605687441352835,0.89884534399493,-0.36179558837102566,0.5272364885305999,56193,14.901352426412092,52.91363473696767
0.51,20,20,False,6.458236701879818,0.8380183154140171,-0.3726603585778774,0.5277732945986658,74352,19.71678599840891,52.91363473696767
0.51,20,20,True,8.392322973532075,0.9040117228340004,-0.37182914904496045,0.5277732945986658,74352,19.71678599840891,52.91363473696767
0.51,25,all,False,6.982361396336334,0.8741817144755637,-0.3641748429253344,0.5281957545886782,91911,24.373110580747813,52.91363473696767
0.51,25,all,True,8.89312043414133,0.933479344582718,-0.3650472659059625,0.5281957545886782,91911,24.373110580747813,52.91363473696767
0.51,25,5,False,12.14781622345135,0.9181018819599149,-0.36253595153171236,0.5274993370458764,18855,5.0,52.91363473696767
0.51,25,5,True,13.980695752627335,0.9382695837547731,-0.361941887972717,0.5274993370458764,18855,5.0,52.91363473696767
0.51,25,10,False,8.183789926549405,0.8722103089839753,-0.35480209096679427,0.5273036635295368,37614,9.974542561654733,52.91363473696767
0.51,25,10,True,10.015112340984913,0.9152447728392568,-0.35641729491367913,0.5273036635295368,37614,9.974542561654733,52.91363473696767
0.51,25,15,False,6.665746752653544,0.837101490146433,-0.3614800137607733,0.5272364885305999,56193,14.901352426412092,52.91363473696767
0.51,25,15,True,8.605687441352835,0.89884534399493,-0.36179558837102566,0.5272364885305999,56193,14.901352426412092,52.91363473696767
0.51,25,20,False,6.458236701879818,0.8380183154140171,-0.3726603585778774,0.5277732945986658,74352,19.71678599840891,52.91363473696767
0.51,25,20,True,8.392322973532075,0.9040117228340004,-0.37182914904496045,0.5277732945986658,74352,19.71678599840891,52.91363473696767
0.51,30,all,False,7.141043063534481,0.8833894478137575,-0.3538507812720927,0.5278069641836716,108498,28.77167859984089,52.91363473696767
0.51,30,all,True,9.102434457699225,0.9443168677426904,-0.35720773116447857,0.5278069641836716,108498,28.77167859984089,52.91363473696767
0.51,30,5,False,12.14781622345135,0.9181018819599149,-0.36253595153171236,0.5274993370458764,18855,5.0,52.91363473696767
0.51,30,5,True,13.980695752627335,0.9382695837547731,-0.361941887972717,0.5274993370458764,18855,5.0,52.91363473696767
0.51,30,10,False,8.183789926549405,0.8722103089839753,-0.35480209096679427,0.5273036635295368,37614,9.974542561654733,52.91363473696767
0.51,30,10,True,10.015112340984913,0.9152447728392568,-0.35641729491367913,0.5273036635295368,37614,9.974542561654733,52.91363473696767
0.51,30,15,False,6.665746752653544,0.837101490146433,-0.3614800137607733,0.5272364885305999,56193,14.901352426412092,52.91363473696767
0.51,30,15,True,8.605687441352835,0.89884534399493,-0.36179558837102566,0.5272364885305999,56193,14.901352426412092,52.91363473696767
0.51,30,20,False,6.458236701879818,0.8380183154140171,-0.3726603585778774,0.5277732945986658,74352,19.71678599840891,52.91363473696767
0.51,30,20,True,8.392322973532075,0.9040117228340004,-0.37182914904496045,0.5277732945986658,74352,19.71678599840891,52.91363473696767
0.515,5,all,False,12.117907073681534,0.9174558805783449,-0.36253595153171236,0.527516849758531,18843,4.996817820206842,47.638890395063605
0.515,5,all,True,13.969686215676282,0.938083775400097,-0.36194188797271687,0.527516849758531,18843,4.996817820206842,47.638890395063605
0.515,5,5,False,12.117907073681534,0.9174558805783449,-0.36253595153171236,0.527516849758531,18843,4.996817820206842,47.638890395063605
0.515,5,5,True,13.969686215676282,0.938083775400097,-0.36194188797271687,0.527516849758531,18843,4.996817820206842,47.638890395063605
0.515,10,all,False,7.840332486966201,0.8587137913324999,-0.3548020909667944,0.5271417133706966,37470,9.936356404136834,47.638890395063605
0.515,10,all,True,9.813968922033338,0.9087470084697445,-0.35641729491367924,0.5271417133706966,37470,9.936356404136834,47.638890395063605
0.515,10,5,False,12.117907073681534,0.9174558805783449,-0.36253595153171236,0.527516849758531,18843,4.996817820206842,47.638890395063605
0.515,10,5,True,13.969686215676282,0.938083775400097,-0.36194188797271687,0.527516849758531,18843,4.996817820206842,47.638890395063605
0.515,10,10,False,7.840332486966201,0.8587137913324999,-0.3548020909667944,0.5271417133706966,37470,9.936356404136834,47.638890395063605
0.515,10,10,True,9.813968922033338,0.9087470084697445,-0.35641729491367924,0.5271417133706966,37470,9.936356404136834,47.638890395063605
0.515,15,all,False,6.44270372881222,0.8253167847841998,-0.36148001376077366,0.5270722583185666,55869,14.815433571996818,47.638890395063605
0.515,15,all,True,8.577768235916135,0.8954133705673709,-0.36179558837102566,0.5270722583185666,55869,14.815433571996818,47.638890395063605
0.515,15,5,False,12.117907073681534,0.9174558805783449,-0.36253595153171236,0.527516849758531,18843,4.996817820206842,47.638890395063605
0.515,15,5,True,13.969686215676282,0.938083775400097,-0.36194188797271687,0.527516849758531,18843,4.996817820206842,47.638890395063605
0.515,15,10,False,7.840332486966201,0.8587137913324999,-0.3548020909667944,0.5271417133706966,37470,9.936356404136834,47.638890395063605
0.515,15,10,True,9.813968922033338,0.9087470084697445,-0.35641729491367924,0.5271417133706966,37470,9.936356404136834,47.638890395063605
0.515,15,15,False,6.44270372881222,0.8253167847841998,-0.36148001376077366,0.5270722583185666,55869,14.815433571996818,47.638890395063605
0.515,15,15,True,8.577768235916135,0.8954133705673709,-0.36179558837102566,0.5270722583185666,55869,14.815433571996818,47.638890395063605
0.515,20,all,False,6.250733561243136,0.8259930128126362,-0.3726603585778777,0.5275788159965272,73716,19.548130469371518,47.638890395063605
0.515,20,all,True,8.376349049480956,0.9002759837465478,-0.37182914904496056,0.5275788159965272,73716,19.548130469371518,47.638890395063605
0.515,20,5,False,12.117907073681534,0.9174558805783449,-0.36253595153171236,0.527516849758531,18843,4.996817820206842,47.638890395063605
0.515,20,5,True,13.969686215676282,0.938083775400097,-0.36194188797271687,0.527516849758531,18843,4.996817820206842,47.638890395063605
0.515,20,10,False,7.840332486966201,0.8587137913324999,-0.3548020909667944,0.5271417133706966,37470,9.936356404136834,47.638890395063605
0.515,20,10,True,9.813968922033338,0.9087470084697445,-0.35641729491367924,0.5271417133706966,37470,9.936356404136834,47.638890395063605
0.515,20,15,False,6.44270372881222,0.8253167847841998,-0.36148001376077366,0.5270722583185666,55869,14.815433571996818,47.638890395063605
0.515,20,15,True,8.577768235916135,0.8954133705673709,-0.36179558837102566,0.5270722583185666,55869,14.815433571996818,47.638890395063605
0.515,20,20,False,6.250733561243136,0.8259930128126362,-0.3726603585778777,0.5275788159965272,73716,19.548130469371518,47.638890395063605
0.515,20,20,True,8.376349049480956,0.9002759837465478,-0.37182914904496056,0.5275788159965272,73716,19.548130469371518,47.638890395063605
0.515,25,all,False,6.863290572917452,0.8662232904067734,-0.3641748429253344,0.5283179858825615,90243,23.930787589498806,47.638890395063605
0.515,25,all,True,8.897653317440128,0.9297817991005562,-0.36504726590596226,0.5283179858825615,90243,23.930787589498806,47.638890395063605
0.515,25,5,False,12.117907073681534,0.9174558805783449,-0.36253595153171236,0.527516849758531,18843,4.996817820206842,47.638890395063605
0.515,25,5,True,13.969686215676282,0.938083775400097,-0.36194188797271687,0.527516849758531,18843,4.996817820206842,47.638890395063605
0.515,25,10,False,7.840332486966201,0.8587137913324999,-0.3548020909667944,0.5271417133706966,37470,9.936356404136834,47.638890395063605
0.515,25,10,True,9.813968922033338,0.9087470084697445,-0.35641729491367924,0.5271417133706966,37470,9.936356404136834,47.638890395063605
0.515,25,15,False,6.44270372881222,0.8253167847841998,-0.36148001376077366,0.5270722583185666,55869,14.815433571996818,47.638890395063605
0.515,25,15,True,8.577768235916135,0.8954133705673709,-0.36179558837102566,0.5270722583185666,55869,14.815433571996818,47.638890395063605
0.515,25,20,False,6.250733561243136,0.8259930128126362,-0.3726603585778777,0.5275788159965272,73716,19.548130469371518,47.638890395063605
0.515,25,20,True,8.376349049480956,0.9002759837465478,-0.37182914904496056,0.5275788159965272,73716,19.548130469371518,47.638890395063605
0.515,30,all,False,7.153610114881875,0.8809980294954151,-0.3538507812720928,0.5280861561818009,105390,27.947494033412887,47.638890395063605
0.515,30,all,True,9.156719542356178,0.9417892596378438,-0.3572077311644787,0.5280861561818009,105390,27.947494033412887,47.638890395063605
0.515,30,5,False,12.117907073681534,0.9174558805783449,-0.36253595153171236,0.527516849758531,18843,4.996817820206842,47.638890395063605
0.515,30,5,True,13.969686215676282,0.938083775400097,-0.36194188797271687,0.527516849758531,18843,4.996817820206842,47.638890395063605
0.515,30,10,False,7.840332486966201,0.8587137913324999,-0.3548020909667944,0.5271417133706966,37470,9.936356404136834,47.638890395063605
0.515,30,10,True,9.813968922033338,0.9087470084697445,-0.35641729491367924,0.5271417133706966,37470,9.936356404136834,47.638890395063605
0.515,30,15,False,6.44270372881222,0.8253167847841998,-0.36148001376077366,0.5270722583185666,55869,14.815433571996818,47.638890395063605
0.515,30,15,True,8.577768235916135,0.8954133705673709,-0.36179558837102566,0.5270722583185666,55869,14.815433571996818,47.638890395063605
0.515,30,20,False,6.250733561243136,0.8259930128126362,-0.3726603585778777,0.5275788159965272,73716,19.548130469371518,47.638890395063605
0.515,30,20,True,8.376349049480956,0.9002759837465478,-0.37182914904496056,0.5275788159965272,73716,19.548130469371518,47.638890395063605
0.52,5,all,False,12.083882450031231,0.9168204501763111,-0.3625359515317127,0.5276050799723684,18819,4.990453460620525,42.4129461138885
0.52,5,all,True,13.963100714184943,0.9379312769619552,-0.361941887972717,0.5276050799723684,18819,4.990453460620525,42.4129461138885
0.52,5,5,False,12.083882450031231,0.9168204501763111,-0.3625359515317127,0.5276050799723684,18819,4.990453460620525,42.4129461138885
0.52,5,5,True,13.963100714184943,0.9379312769619552,-0.361941887972717,0.5276050799723684,18819,4.990453460620525,42.4129461138885
0.52,10,all,False,8.236021313087086,0.8704929874827868,-0.3548020909667946,0.527121187757946,37314,9.894988066825775,42.4129461138885
0.52,10,all,True,10.265928790637059,0.9172866650045022,-0.35641729491367924,0.527121187757946,37314,9.894988066825775,42.4129461138885
0.52,10,5,False,12.083882450031231,0.9168204501763111,-0.3625359515317127,0.5276050799723684,18819,4.990453460620525,42.4129461138885
0.52,10,5,True,13.963100714184943,0.9379312769619552,-0.361941887972717,0.5276050799723684,18819,4.990453460620525,42.4129461138885
0.52,10,10,False,8.236021313087086,0.8704929874827868,-0.3548020909667946,0.527121187757946,37314,9.894988066825775,42.4129461138885
0.52,10,10,True,10.265928790637059,0.9172866650045022,-0.35641729491367924,0.527121187757946,37314,9.894988066825775,42.4129461138885
0.52,15,all,False,6.7797350201614375,0.8372976175248311,-0.36148001376077343,0.5267813534487437,55281,14.659506762132061,42.4129461138885
0.52,15,all,True,9.017317660710788,0.9048112402903824,-0.36179558837102577,0.5267813534487437,55281,14.659506762132061,42.4129461138885
0.52,15,5,False,12.083882450031231,0.9168204501763111,-0.3625359515317127,0.5276050799723684,18819,4.990453460620525,42.4129461138885
0.52,15,5,True,13.963100714184943,0.9379312769619552,-0.361941887972717,0.5276050799723684,18819,4.990453460620525,42.4129461138885
0.52,15,10,False,8.236021313087086,0.8704929874827868,-0.3548020909667946,0.527121187757946,37314,9.894988066825775,42.4129461138885
0.52,15,10,True,10.265928790637059,0.9172866650045022,-0.35641729491367924,0.527121187757946,37314,9.894988066825775,42.4129461138885
0.52,15,15,False,6.7797350201614375,0.8372976175248311,-0.36148001376077343,0.5267813534487437,55281,14.659506762132061,42.4129461138885
0.52,15,15,True,9.017317660710788,0.9048112402903824,-0.36179558837102577,0.5267813534487437,55281,14.659506762132061,42.4129461138885
0.52,20,all,False,6.945166459714473,0.854565729605407,-0.3726603585778775,0.5276018225259765,71988,19.089896579156722,42.4129461138885
0.52,20,all,True,8.98408909206792,0.9152818843586119,-0.37182914904496045,0.5276018225259765,71988,19.089896579156722,42.4129461138885
0.52,20,5,False,12.083882450031231,0.9168204501763111,-0.3625359515317127,0.5276050799723684,18819,4.990453460620525,42.4129461138885
0.52,20,5,True,13.963100714184943,0.9379312769619552,-0.361941887972717,0.5276050799723684,18819,4.990453460620525,42.4129461138885
0.52,20,10,False,8.236021313087086,0.8704929874827868,-0.3548020909667946,0.527121187757946,37314,9.894988066825775,42.4129461138885
0.52,20,10,True,10.265928790637059,0.9172866650045022,-0.35641729491367924,0.527121187757946,37314,9.894988066825775,42.4129461138885
0.52,20,15,False,6.7797350201614375,0.8372976175248311,-0.36148001376077343,0.5267813534487437,55281,14.659506762132061,42.4129461138885
0.52,20,15,True,9.017317660710788,0.9048112402903824,-0.36179558837102577,0.5267813534487437,55281,14.659506762132061,42.4129461138885
0.52,20,20,False,6.945166459714473,0.854565729605407,-0.3726603585778775,0.5276018225259765,71988,19.089896579156722,42.4129461138885
0.52,20,20,True,8.98408909206792,0.9152818843586119,-0.37182914904496045,0.5276018225259765,71988,19.089896579156722,42.4129461138885
0.52,25,all,False,7.478583544373118,0.8874624245108513,-0.3641748429253344,0.5282031868396599,87171,23.11614956245028,42.4129461138885
0.52,25,all,True,9.419635945369759,0.9394897055041437,-0.3650472659059625,0.5282031868396599,87171,23.11614956245028,42.4129461138885
0.52,25,5,False,12.083882450031231,0.9168204501763111,-0.3625359515317127,0.5276050799723684,18819,4.990453460620525,42.4129461138885
0.52,25,5,True,13.963100714184943,0.9379312769619552,-0.361941887972717,0.5276050799723684,18819,4.990453460620525,42.4129461138885
0.52,25,10,False,8.236021313087086,0.8704929874827868,-0.3548020909667946,0.527121187757946,37314,9.894988066825775,42.4129461138885
0.52,25,10,True,10.265928790637059,0.9172866650045022,-0.35641729491367924,0.527121187757946,37314,9.894988066825775,42.4129461138885
0.52,25,15,False,6.7797350201614375,0.8372976175248311,-0.36148001376077343,0.5267813534487437,55281,14.659506762132061,42.4129461138885
0.52,25,15,True,9.017317660710788,0.9048112402903824,-0.36179558837102577,0.5267813534487437,55281,14.659506762132061,42.4129461138885
0.52,25,20,False,6.945166459714473,0.854565729605407,-0.3726603585778775,0.5276018225259765,71988,19.089896579156722,42.4129461138885
0.52,25,20,True,8.98408909206792,0.9152818843586119,-0.37182914904496045,0.5276018225259765,71988,19.089896579156722,42.4129461138885
0.52,30,all,False,7.885583592814456,0.9057574820674577,-0.3538507812720928,0.5281835708465009,100626,26.68416865552904,42.4129461138885
0.52,30,all,True,9.738856792510202,0.9524501747233146,-0.3572077311644787,0.5281835708465009,100626,26.68416865552904,42.4129461138885
0.52,30,5,False,12.083882450031231,0.9168204501763111,-0.3625359515317127,0.5276050799723684,18819,4.990453460620525,42.4129461138885
0.52,30,5,True,13.963100714184943,0.9379312769619552,-0.361941887972717,0.5276050799723684,18819,4.990453460620525,42.4129461138885
0.52,30,10,False,8.236021313087086,0.8704929874827868,-0.3548020909667946,0.527121187757946,37314,9.894988066825775,42.4129461138885
0.52,30,10,True,10.265928790637059,0.9172866650045022,-0.35641729491367924,0.527121187757946,37314,9.894988066825775,42.4129461138885
0.52,30,15,False,6.7797350201614375,0.8372976175248311,-0.36148001376077343,0.5267813534487437,55281,14.659506762132061,42.4129461138885
0.52,30,15,True,9.017317660710788,0.9048112402903824,-0.36179558837102577,0.5267813534487437,55281,14.659506762132061,42.4129461138885
0.52,30,20,False,6.945166459714473,0.854565729605407,-0.3726603585778775,0.5276018225259765,71988,19.089896579156722,42.4129461138885
0.52,30,20,True,8.98408909206792,0.9152818843586119,-0.37182914904496045,0.5276018225259765,71988,19.089896579156722,42.4129461138885
0.525,5,all,False,12.96261537043378,0.9374469660227025,-0.36253595153171236,0.5277289435831868,18771,4.977724741447892,37.324997559996966
0.525,5,all,True,14.507523342723845,0.9488746961795709,-0.3619418879727171,0.5277289435831868,18771,4.977724741447892,37.324997559996966
0.525,5,5,False,12.96261537043378,0.9374469660227025,-0.36253595153171236,0.5277289435831868,18771,4.977724741447892,37.324997559996966
0.525,5,5,True,14.507523342723845,0.9488746961795709,-0.3619418879727171,0.5277289435831868,18771,4.977724741447892,37.324997559996966
0.525,10,all,False,8.855073022209272,0.8923832645977504,-0.3548020909667944,0.5269722987202333,37038,9.821797931583134,37.324997559996966
0.525,10,all,True,10.701733139189463,0.9294777626810096,-0.35641729491367924,0.5269722987202333,37038,9.821797931583134,37.324997559996966
0.525,10,5,False,12.96261537043378,0.9374469660227025,-0.36253595153171236,0.5277289435831868,18771,4.977724741447892,37.324997559996966
0.525,10,5,True,14.507523342723845,0.9488746961795709,-0.3619418879727171,0.5277289435831868,18771,4.977724741447892,37.324997559996966
0.525,10,10,False,8.855073022209272,0.8923832645977504,-0.3548020909667944,0.5269722987202333,37038,9.821797931583134,37.324997559996966
0.525,10,10,True,10.701733139189463,0.9294777626810096,-0.35641729491367924,0.5269722987202333,37038,9.821797931583134,37.324997559996966
0.525,15,all,False,7.4092913370972,0.863532219151186,-0.36156342112016515,0.5264131742066797,54045,14.331742243436754,37.324997559996966
0.525,15,all,True,9.39873032681338,0.9159064356399957,-0.36179558837102554,0.5264131742066797,54045,14.331742243436754,37.324997559996966
0.525,15,5,False,12.96261537043378,0.9374469660227025,-0.36253595153171236,0.5277289435831868,18771,4.977724741447892,37.324997559996966
0.525,15,5,True,14.507523342723845,0.9488746961795709,-0.3619418879727171,0.5277289435831868,18771,4.977724741447892,37.324997559996966
0.525,15,10,False,8.855073022209272,0.8923832645977504,-0.3548020909667944,0.5269722987202333,37038,9.821797931583134,37.324997559996966
0.525,15,10,True,10.701733139189463,0.9294777626810096,-0.35641729491367924,0.5269722987202333,37038,9.821797931583134,37.324997559996966
0.525,15,15,False,7.4092913370972,0.863532219151186,-0.36156342112016515,0.5264131742066797,54045,14.331742243436754,37.324997559996966
0.525,15,15,True,9.39873032681338,0.9159064356399957,-0.36179558837102554,0.5264131742066797,54045,14.331742243436754,37.324997559996966
0.525,20,all,False,7.830127047056438,0.8890739857901045,-0.3726603585778777,0.5270757601984882,69324,18.383452665075577,37.324997559996966
0.525,20,all,True,9.499238997626085,0.9292067806667508,-0.37182914904496045,0.5270757601984882,69324,18.383452665075577,37.324997559996966
0.525,20,5,False,12.96261537043378,0.9374469660227025,-0.36253595153171236,0.5277289435831868,18771,4.977724741447892,37.324997559996966
0.525,20,5,True,14.507523342723845,0.9488746961795709,-0.3619418879727171,0.5277289435831868,18771,4.977724741447892,37.324997559996966
0.525,20,10,False,8.855073022209272,0.8923832645977504,-0.3548020909667944,0.5269722987202333,37038,9.821797931583134,37.324997559996966
0.525,20,10,True,10.701733139189463,0.9294777626810096,-0.35641729491367924,0.5269722987202333,37038,9.821797931583134,37.324997559996966
0.525,20,15,False,7.4092913370972,0.863532219151186,-0.36156342112016515,0.5264131742066797,54045,14.331742243436754,37.324997559996966
0.525,20,15,True,9.39873032681338,0.9159064356399957,-0.36179558837102554,0.5264131742066797,54045,14.331742243436754,37.324997559996966
0.525,20,20,False,7.830127047056438,0.8890739857901045,-0.3726603585778777,0.5270757601984882,69324,18.383452665075577,37.324997559996966
0.525,20,20,True,9.499238997626085,0.9292067806667508,-0.37182914904496045,0.5270757601984882,69324,18.383452665075577,37.324997559996966
0.525,25,all,False,8.213164418105395,0.9130531539596065,-0.3641748429253343,0.5277787849123189,82743,21.94192521877486,37.324997559996966
0.525,25,all,True,9.80712981591908,0.9477086752384605,-0.36504726590596237,0.5277787849123189,82743,21.94192521877486,37.324997559996966
0.525,25,5,False,12.96261537043378,0.9374469660227025,-0.36253595153171236,0.5277289435831868,18771,4.977724741447892,37.324997559996966
0.525,25,5,True,14.507523342723845,0.9488746961795709,-0.3619418879727171,0.5277289435831868,18771,4.977724741447892,37.324997559996966
0.525,25,10,False,8.855073022209272,0.8923832645977504,-0.3548020909667944,0.5269722987202333,37038,9.821797931583134,37.324997559996966
0.525,25,10,True,10.701733139189463,0.9294777626810096,-0.35641729491367924,0.5269722987202333,37038,9.821797931583134,37.324997559996966
0.525,25,15,False,7.4092913370972,0.863532219151186,-0.36156342112016515,0.5264131742066797,54045,14.331742243436754,37.324997559996966
0.525,25,15,True,9.39873032681338,0.9159064356399957,-0.36179558837102554,0.5264131742066797,54045,14.331742243436754,37.324997559996966
0.525,25,20,False,7.830127047056438,0.8890739857901045,-0.3726603585778777,0.5270757601984882,69324,18.383452665075577,37.324997559996966
0.525,25,20,True,9.499238997626085,0.9292067806667508,-0.37182914904496045,0.5270757601984882,69324,18.383452665075577,37.324997559996966
0.525,30,all,False,8.252266235235453,0.9152912503996447,-0.3538507812720929,0.5278265216050367,94029,24.934765314240256,37.324997559996966
0.525,30,all,True,9.808753823590697,0.9493575458739925,-0.35720773116447857,0.5278265216050367,94029,24.934765314240256,37.324997559996966
0.525,30,5,False,12.96261537043378,0.9374469660227025,-0.36253595153171236,0.5277289435831868,18771,4.977724741447892,37.324997559996966
0.525,30,5,True,14.507523342723845,0.9488746961795709,-0.3619418879727171,0.5277289435831868,18771,4.977724741447892,37.324997559996966
0.525,30,10,False,8.855073022209272,0.8923832645977504,-0.3548020909667944,0.5269722987202333,37038,9.821797931583134,37.324997559996966
0.525,30,10,True,10.701733139189463,0.9294777626810096,-0.35641729491367924,0.5269722987202333,37038,9.821797931583134,37.324997559996966
0.525,30,15,False,7.4092913370972,0.863532219151186,-0.36156342112016515,0.5264131742066797,54045,14.331742243436754,37.324997559996966
0.525,30,15,True,9.39873032681338,0.9159064356399957,-0.36179558837102554,0.5264131742066797,54045,14.331742243436754,37.324997559996966
0.525,30,20,False,7.830127047056438,0.8890739857901045,-0.3726603585778777,0.5270757601984882,69324,18.383452665075577,37.324997559996966
0.525,30,20,True,9.499238997626085,0.9292067806667508,-0.37182914904496045,0.5270757601984882,69324,18.383452665075577,37.324997559996966
0.53,5,all,False,13.775912023357291,0.9518433116941489,-0.3625359515317126,0.527639801313892,18723,4.964996022275258,32.518462689642455
0.53,5,all,True,15.148138824633296,0.9564695858882808,-0.361941887972717,0.527639801313892,18723,4.964996022275258,32.518462689642455
0.53,5,5,False,13.775912023357291,0.9518433116941489,-0.3625359515317126,0.527639801313892,18723,4.964996022275258,32.518462689642455
0.53,5,5,True,15.148138824633296,0.9564695858882808,-0.361941887972717,0.527639801313892,18723,4.964996022275258,32.518462689642455
0.53,10,all,False,10.484050885572797,0.9383796915689667,-0.3548020909667945,0.5269401878398419,36414,9.656324582338902,32.518462689642455
0.53,10,all,True,12.026973549527755,0.9548967355519059,-0.35641729491367935,0.5269401878398419,36414,9.656324582338902,32.518462689642455
0.53,10,5,False,13.775912023357291,0.9518433116941489,-0.3625359515317126,0.527639801313892,18723,4.964996022275258,32.518462689642455
0.53,10,5,True,15.148138824633296,0.9564695858882808,-0.361941887972717,0.527639801313892,18723,4.964996022275258,32.518462689642455
0.53,10,10,False,10.484050885572797,0.9383796915689667,-0.3548020909667945,0.5269401878398419,36414,9.656324582338902,32.518462689642455
0.53,10,10,True,12.026973549527755,0.9548967355519059,-0.35641729491367935,0.5269401878398419,36414,9.656324582338902,32.518462689642455
0.53,15,all,False,9.044513812548301,0.9174552199244783,-0.36067030912618303,0.5260765778668959,52365,13.886237072394591,32.518462689642455
0.53,15,all,True,10.737678339014074,0.9444388239417799,-0.36179558837102543,0.5260765778668959,52365,13.886237072394591,32.518462689642455
0.53,15,5,False,13.775912023357291,0.9518433116941489,-0.3625359515317126,0.527639801313892,18723,4.964996022275258,32.518462689642455
0.53,15,5,True,15.148138824633296,0.9564695858882808,-0.361941887972717,0.527639801313892,18723,4.964996022275258,32.518462689642455
0.53,15,10,False,10.484050885572797,0.9383796915689667,-0.3548020909667945,0.5269401878398419,36414,9.656324582338902,32.518462689642455
0.53,15,10,True,12.026973549527755,0.9548967355519059,-0.35641729491367935,0.5269401878398419,36414,9.656324582338902,32.518462689642455
0.53,15,15,False,9.044513812548301,0.9174552199244783,-0.36067030912618303,0.5260765778668959,52365,13.886237072394591,32.518462689642455
0.53,15,15,True,10.737678339014074,0.9444388239417799,-0.36179558837102543,0.5260765778668959,52365,13.886237072394591,32.518462689642455
0.53,20,all,False,8.800646720516582,0.9158006049922217,-0.3726603585778777,0.5268581851345189,65790,17.446300715990454,32.518462689642455
0.53,20,all,True,10.304236686941067,0.9397348013800577,-0.3718291490449602,0.5268581851345189,65790,17.446300715990454,32.518462689642455
0.53,20,5,False,13.775912023357291,0.9518433116941489,-0.3625359515317126,0.527639801313892,18723,4.964996022275258,32.518462689642455
0.53,20,5,True,15.148138824633296,0.9564695858882808,-0.361941887972717,0.527639801313892,18723,4.964996022275258,32.518462689642455
0.53,20,10,False,10.484050885572797,0.9383796915689667,-0.3548020909667945,0.5269401878398419,36414,9.656324582338902,32.518462689642455
0.53,20,10,True,12.026973549527755,0.9548967355519059,-0.35641729491367935,0.5269401878398419,36414,9.656324582338902,32.518462689642455
0.53,20,15,False,9.044513812548301,0.9174552199244783,-0.36067030912618303,0.5260765778668959,52365,13.886237072394591,32.518462689642455
0.53,20,15,True,10.737678339014074,0.9444388239417799,-0.36179558837102543,0.5260765778668959,52365,13.886237072394591,32.518462689642455
0.53,20,20,False,8.800646720516582,0.9158006049922217,-0.3726603585778777,0.5268581851345189,65790,17.446300715990454,32.518462689642455
0.53,20,20,True,10.304236686941067,0.9397348013800577,-0.3718291490449602,0.5268581851345189,65790,17.446300715990454,32.518462689642455
0.53,25,all,False,8.54814679951452,0.9138566545072608,-0.3641748429253344,0.5279449699054171,76758,20.354813046937153,32.518462689642455
0.53,25,all,True,10.07553670377317,0.9394549272147051,-0.3650472659059626,0.5279449699054171,76758,20.354813046937153,32.518462689642455
0.53,25,5,False,13.775912023357291,0.9518433116941489,-0.3625359515317126,0.527639801313892,18723,4.964996022275258,32.518462689642455
0.53,25,5,True,15.148138824633296,0.9564695858882808,-0.361941887972717,0.527639801313892,18723,4.964996022275258,32.518462689642455
0.53,25,10,False,10.484050885572797,0.9383796915689667,-0.3548020909667945,0.5269401878398419,36414,9.656324582338902,32.518462689642455
0.53,25,10,True,12.026973549527755,0.9548967355519059,-0.35641729491367935,0.5269401878398419,36414,9.656324582338902,32.518462689642455
0.53,25,15,False,9.044513812548301,0.9174552199244783,-0.36067030912618303,0.5260765778668959,52365,13.886237072394591,32.518462689642455
0.53,25,15,True,10.737678339014074,0.9444388239417799,-0.36179558837102543,0.5260765778668959,52365,13.886237072394591,32.518462689642455
0.53,25,20,False,8.800646720516582,0.9158006049922217,-0.3726603585778777,0.5268581851345189,65790,17.446300715990454,32.518462689642455
0.53,25,20,True,10.304236686941067,0.9397348013800577,-0.3718291490449602,0.5268581851345189,65790,17.446300715990454,32.518462689642455
0.53,30,all,False,8.690675944721123,0.9200549585449346,-0.3538507812720928,0.5282081843464442,85578,22.693715194908513,32.518462689642455
0.53,30,all,True,10.104880420029037,0.9415855286080658,-0.35720773116447857,0.5282081843464442,85578,22.693715194908513,32.518462689642455
0.53,30,5,False,13.775912023357291,0.9518433116941489,-0.3625359515317126,0.527639801313892,18723,4.964996022275258,32.518462689642455
0.53,30,5,True,15.148138824633296,0.9564695858882808,-0.361941887972717,0.527639801313892,18723,4.964996022275258,32.518462689642455
0.53,30,10,False,10.484050885572797,0.9383796915689667,-0.3548020909667945,0.5269401878398419,36414,9.656324582338902,32.518462689642455
0.53,30,10,True,12.026973549527755,0.9548967355519059,-0.35641729491367935,0.5269401878398419,36414,9.656324582338902,32.518462689642455
0.53,30,15,False,9.044513812548301,0.9174552199244783,-0.36067030912618303,0.5260765778668959,52365,13.886237072394591,32.518462689642455
0.53,30,15,True,10.737678339014074,0.9444388239417799,-0.36179558837102543,0.5260765778668959,52365,13.886237072394591,32.518462689642455
0.53,30,20,False,8.800646720516582,0.9158006049922217,-0.3726603585778777,0.5268581851345189,65790,17.446300715990454,32.518462689642455
0.53,30,20,True,10.304236686941067,0.9397348013800577,-0.3718291490449602,0.5268581851345189,65790,17.446300715990454,32.518462689642455
0.54,5,all,False,15.290747161502505,0.8902609869637066,-0.37381648510489485,0.5265729658504447,18214,4.83001856271546,24.375630334117748
0.54,5,all,True,16.593172163398535,0.902078784963742,-0.361941887972717,0.5265729658504447,18214,4.83001856271546,24.375630334117748
0.54,5,5,False,15.290747161502505,0.8902609869637066,-0.37381648510489485,0.5265729658504447,18214,4.83001856271546,24.375630334117748
0.54,5,5,True,16.593172163398535,0.902078784963742,-0.361941887972717,0.5265729658504447,18214,4.83001856271546,24.375630334117748
0.54,10,all,False,12.920167686412004,0.8849849726666047,-0.35473742411257714,0.5270522112113593,33805,8.9644656589764,24.375630334117748
0.54,10,all,True,14.17419616359147,0.9009949921490857,-0.3563728636077964,0.5270522112113593,33805,8.9644656589764,24.375630334117748
0.54,10,5,False,15.290747161502505,0.8902609869637066,-0.37381648510489485,0.5265729658504447,18214,4.83001856271546,24.375630334117748
0.54,10,5,True,16.593172163398535,0.902078784963742,-0.361941887972717,0.5265729658504447,18214,4.83001856271546,24.375630334117748
0.54,10,10,False,12.920167686412004,0.8849849726666047,-0.35473742411257714,0.5270522112113593,33805,8.9644656589764,24.375630334117748
0.54,10,10,True,14.17419616359147,0.9009949921490857,-0.3563728636077964,0.5270522112113593,33805,8.9644656589764,24.375630334117748
0.54,15,all,False,11.73836034595765,0.8710160876653161,-0.36017720554787336,0.5273273800381771,45577,12.086184036064704,24.375630334117748
0.54,15,all,True,13.067700009433286,0.89122315910644,-0.36179558837102554,0.5273273800381771,45577,12.086184036064704,24.375630334117748
0.54,15,5,False,15.290747161502505,0.8902609869637066,-0.37381648510489485,0.5265729658504447,18214,4.83001856271546,24.375630334117748
0.54,15,5,True,16.593172163398535,0.902078784963742,-0.361941887972717,0.5265729658504447,18214,4.83001856271546,24.375630334117748
0.54,15,10,False,12.920167686412004,0.8849849726666047,-0.35473742411257714,0.5270522112113593,33805,8.9644656589764,24.375630334117748
0.54,15,10,True,14.17419616359147,0.9009949921490857,-0.3563728636077964,0.5270522112113593,33805,8.9644656589764,24.375630334117748
0.54,15,15,False,11.73836034595765,0.8710160876653161,-0.36017720554787336,0.5273273800381771,45577,12.086184036064704,24.375630334117748
0.54,15,15,True,13.067700009433286,0.89122315910644,-0.36179558837102554,0.5273273800381771,45577,12.086184036064704,24.375630334117748
0.54,20,all,False,10.392012145691776,0.8418899777902424,-0.3726603585778776,0.5284531958233167,54493,14.450543622381332,24.375630334117748
0.54,20,all,True,11.682679989594202,0.8649971793914104,-0.37182914904496056,0.5284531958233167,54493,14.450543622381332,24.375630334117748
0.54,20,5,False,15.290747161502505,0.8902609869637066,-0.37381648510489485,0.5265729658504447,18214,4.83001856271546,24.375630334117748
0.54,20,5,True,16.593172163398535,0.902078784963742,-0.361941887972717,0.5265729658504447,18214,4.83001856271546,24.375630334117748
0.54,20,10,False,12.920167686412004,0.8849849726666047,-0.35473742411257714,0.5270522112113593,33805,8.9644656589764,24.375630334117748
0.54,20,10,True,14.17419616359147,0.9009949921490857,-0.3563728636077964,0.5270522112113593,33805,8.9644656589764,24.375630334117748
0.54,20,15,False,11.73836034595765,0.8710160876653161,-0.36017720554787336,0.5273273800381771,45577,12.086184036064704,24.375630334117748
0.54,20,15,True,13.067700009433286,0.89122315910644,-0.36179558837102554,0.5273273800381771,45577,12.086184036064704,24.375630334117748
0.54,20,20,False,10.392012145691776,0.8418899777902424,-0.3726603585778776,0.5284531958233167,54493,14.450543622381332,24.375630334117748
0.54,20,20,True,11.682679989594202,0.8649971793914104,-0.37182914904496056,0.5284531958233167,54493,14.450543622381332,24.375630334117748
0.54,25,all,False,9.307237932136307,0.8151275260653793,-0.36997824778218724,0.5292277773276072,61705,16.363033678069478,24.375630334117748
0.54,25,all,True,10.818487758848248,0.8471370106931653,-0.3694680000969236,0.5292277773276072,61705,16.363033678069478,24.375630334117748
0.54,25,5,False,15.290747161502505,0.8902609869637066,-0.37381648510489485,0.5265729658504447,18214,4.83001856271546,24.375630334117748
0.54,25,5,True,16.593172163398535,0.902078784963742,-0.361941887972717,0.5265729658504447,18214,4.83001856271546,24.375630334117748
0.54,25,10,False,12.920167686412004,0.8849849726666047,-0.35473742411257714,0.5270522112113593,33805,8.9644656589764,24.375630334117748
0.54,25,10,True,14.17419616359147,0.9009949921490857,-0.3563728636077964,0.5270522112113593,33805,8.9644656589764,24.375630334117748
0.54,25,15,False,11.73836034595765,0.8710160876653161,-0.36017720554787336,0.5273273800381771,45577,12.086184036064704,24.375630334117748
0.54,25,15,True,13.067700009433286,0.89122315910644,-0.36179558837102554,0.5273273800381771,45577,12.086184036064704,24.375630334117748
0.54,25,20,False,10.392012145691776,0.8418899777902424,-0.3726603585778776,0.5284531958233167,54493,14.450543622381332,24.375630334117748
0.54,25,20,True,11.682679989594202,0.8649971793914104,-0.37182914904496056,0.5284531958233167,54493,14.450543622381332,24.375630334117748
0.54,30,all,False,9.586009983290657,0.8240075042496147,-0.3631024890921226,0.5300901007181514,67813,17.982763192787058,24.375630334117748
0.54,30,all,True,10.970186139628732,0.8517153782067415,-0.36422268012256864,0.5300901007181514,67813,17.982763192787058,24.375630334117748
0.54,30,5,False,15.290747161502505,0.8902609869637066,-0.37381648510489485,0.5265729658504447,18214,4.83001856271546,24.375630334117748
0.54,30,5,True,16.593172163398535,0.902078784963742,-0.361941887972717,0.5265729658504447,18214,4.83001856271546,24.375630334117748
0.54,30,10,False,12.920167686412004,0.8849849726666047,-0.35473742411257714,0.5270522112113593,33805,8.9644656589764,24.375630334117748
0.54,30,10,True,14.17419616359147,0.9009949921490857,-0.3563728636077964,0.5270522112113593,33805,8.9644656589764,24.375630334117748
0.54,30,15,False,11.73836034595765,0.8710160876653161,-0.36017720554787336,0.5273273800381771,45577,12.086184036064704,24.375630334117748
0.54,30,15,True,13.067700009433286,0.89122315910644,-0.36179558837102554,0.5273273800381771,45577,12.086184036064704,24.375630334117748
0.54,30,20,False,10.392012145691776,0.8418899777902424,-0.3726603585778776,0.5284531958233167,54493,14.450543622381332,24.375630334117748
0.54,30,20,True,11.682679989594202,0.8649971793914104,-0.37182914904496056,0.5284531958233167,54493,14.450543622381332,24.375630334117748
0.55,5,all,False,9.101013664068915,0.7572526127314434,-0.371917314047021,0.5244274809160305,17030,4.516043489790507,18.262880504917963
0.55,5,all,True,10.43205858580821,0.7831023886520874,-0.36194188797271676,0.5244274809160305,17030,4.516043489790507,18.262880504917963
0.55,5,5,False,9.101013664068915,0.7572526127314434,-0.371917314047021,0.5244274809160305,17030,4.516043489790507,18.262880504917963
0.55,5,5,True,10.43205858580821,0.7831023886520874,-0.36194188797271676,0.5244274809160305,17030,4.516043489790507,18.262880504917963
0.55,10,all,False,6.9414620558769675,0.7105944779967802,-0.3563467065528253,0.5275331160274638,28838,7.647308406258287,18.262880504917963
0.55,10,all,True,8.155627168125667,0.7447536806026281,-0.3569038789357235,0.5275331160274638,28838,7.647308406258287,18.262880504917963
0.55,10,5,False,9.101013664068915,0.7572526127314434,-0.371917314047021,0.5244274809160305,17030,4.516043489790507,18.262880504917963
0.55,10,5,True,10.43205858580821,0.7831023886520874,-0.36194188797271676,0.5244274809160305,17030,4.516043489790507,18.262880504917963
0.55,10,10,False,6.9414620558769675,0.7105944779967802,-0.3563467065528253,0.5275331160274638,28838,7.647308406258287,18.262880504917963
0.55,10,10,True,8.155627168125667,0.7447536806026281,-0.3569038789357235,0.5275331160274638,28838,7.647308406258287,18.262880504917963
0.55,15,all,False,6.420676887814477,0.6961194100011234,-0.3479593960624322,0.5285000814288041,36842,9.769822328294882,18.262880504917963
0.55,15,all,True,7.583248762816094,0.7316346025058172,-0.3499023221323214,0.5285000814288041,36842,9.769822328294882,18.262880504917963
0.55,15,5,False,9.101013664068915,0.7572526127314434,-0.371917314047021,0.5244274809160305,17030,4.516043489790507,18.262880504917963
0.55,15,5,True,10.43205858580821,0.7831023886520874,-0.36194188797271676,0.5244274809160305,17030,4.516043489790507,18.262880504917963
0.55,15,10,False,6.9414620558769675,0.7105944779967802,-0.3563467065528253,0.5275331160274638,28838,7.647308406258287,18.262880504917963
0.55,15,10,True,8.155627168125667,0.7447536806026281,-0.3569038789357235,0.5275331160274638,28838,7.647308406258287,18.262880504917963
0.55,15,15,False,6.420676887814477,0.6961194100011234,-0.3479593960624322,0.5285000814288041,36842,9.769822328294882,18.262880504917963
0.55,15,15,True,7.583248762816094,0.7316346025058172,-0.3499023221323214,0.5285000814288041,36842,9.769822328294882,18.262880504917963
0.55,20,all,False,5.795360274375448,0.6721209494440522,-0.3580099402206208,0.5298583700951939,43070,11.421373640944047,18.262880504917963
0.55,20,all,True,6.916386011079868,0.7101553035775416,-0.3574331010528491,0.5298583700951939,43070,11.421373640944047,18.262880504917963
0.55,20,5,False,9.101013664068915,0.7572526127314434,-0.371917314047021,0.5244274809160305,17030,4.516043489790507,18.262880504917963
0.55,20,5,True,10.43205858580821,0.7831023886520874,-0.36194188797271676,0.5244274809160305,17030,4.516043489790507,18.262880504917963
0.55,20,10,False,6.9414620558769675,0.7105944779967802,-0.3563467065528253,0.5275331160274638,28838,7.647308406258287,18.262880504917963
0.55,20,10,True,8.155627168125667,0.7447536806026281,-0.3569038789357235,0.5275331160274638,28838,7.647308406258287,18.262880504917963
0.55,20,15,False,6.420676887814477,0.6961194100011234,-0.3479593960624322,0.5285000814288041,36842,9.769822328294882,18.262880504917963
0.55,20,15,True,7.583248762816094,0.7316346025058172,-0.3499023221323214,0.5285000814288041,36842,9.769822328294882,18.262880504917963
0.55,20,20,False,5.795360274375448,0.6721209494440522,-0.3580099402206208,0.5298583700951939,43070,11.421373640944047,18.262880504917963
0.55,20,20,True,6.916386011079868,0.7101553035775416,-0.3574331010528491,0.5298583700951939,43070,11.421373640944047,18.262880504917963
0.55,25,all,False,5.414788230905176,0.6570165710607021,-0.35635806413310944,0.5302979787455719,47990,12.726067356138955,18.262880504917963
0.55,25,all,True,6.6141125952863655,0.7005494749056829,-0.35585214119380315,0.5302979787455719,47990,12.726067356138955,18.262880504917963
0.55,25,5,False,9.101013664068915,0.7572526127314434,-0.371917314047021,0.5244274809160305,17030,4.516043489790507,18.262880504917963
0.55,25,5,True,10.43205858580821,0.7831023886520874,-0.36194188797271676,0.5244274809160305,17030,4.516043489790507,18.262880504917963
0.55,25,10,False,6.9414620558769675,0.7105944779967802,-0.3563467065528253,0.5275331160274638,28838,7.647308406258287,18.262880504917963
0.55,25,10,True,8.155627168125667,0.7447536806026281,-0.3569038789357235,0.5275331160274638,28838,7.647308406258287,18.262880504917963
0.55,25,15,False,6.420676887814477,0.6961194100011234,-0.3479593960624322,0.5285000814288041,36842,9.769822328294882,18.262880504917963
0.55,25,15,True,7.583248762816094,0.7316346025058172,-0.3499023221323214,0.5285000814288041,36842,9.769822328294882,18.262880504917963
0.55,25,20,False,5.795360274375448,0.6721209494440522,-0.3580099402206208,0.5298583700951939,43070,11.421373640944047,18.262880504917963
0.55,25,20,True,6.916386011079868,0.7101553035775416,-0.3574331010528491,0.5298583700951939,43070,11.421373640944047,18.262880504917963
0.55,30,all,False,5.458011543480398,0.659319857508178,-0.34933366121646736,0.5311065684421645,51854,13.750729249535931,18.262880504917963
0.55,30,all,True,6.641076221810679,0.7018593842360358,-0.3504935525246259,0.5311065684421645,51854,13.750729249535931,18.262880504917963
0.55,30,5,False,9.101013664068915,0.7572526127314434,-0.371917314047021,0.5244274809160305,17030,4.516043489790507,18.262880504917963
0.55,30,5,True,10.43205858580821,0.7831023886520874,-0.36194188797271676,0.5244274809160305,17030,4.516043489790507,18.262880504917963
0.55,30,10,False,6.9414620558769675,0.7105944779967802,-0.3563467065528253,0.5275331160274638,28838,7.647308406258287,18.262880504917963
0.55,30,10,True,8.155627168125667,0.7447536806026281,-0.3569038789357235,0.5275331160274638,28838,7.647308406258287,18.262880504917963
0.55,30,15,False,6.420676887814477,0.6961194100011234,-0.3479593960624322,0.5285000814288041,36842,9.769822328294882,18.262880504917963
0.55,30,15,True,7.583248762816094,0.7316346025058172,-0.3499023221323214,0.5285000814288041,36842,9.769822328294882,18.262880504917963
0.55,30,20,False,5.795360274375448,0.6721209494440522,-0.3580099402206208,0.5298583700951939,43070,11.421373640944047,18.262880504917963
0.55,30,20,True,6.916386011079868,0.7101553035775416,-0.3574331010528491,0.5298583700951939,43070,11.421373640944047,18.262880504917963
0.56,5,all,False,7.082001207970022,0.6714417484919948,-0.3939304199985303,0.5240828038532486,14637,3.881463802704853,13.841323891425287
0.56,5,all,True,8.711097543914887,0.7134401334877074,-0.3784661141083606,0.5240828038532486,14637,3.881463802704853,13.841323891425287
0.56,5,5,False,7.082001207970022,0.6714417484919948,-0.3939304199985303,0.5240828038532486,14637,3.881463802704853,13.841323891425287
0.56,5,5,True,8.711097543914887,0.7134401334877074,-0.3784661141083606,0.5240828038532486,14637,3.881463802704853,13.841323891425287
0.56,10,all,False,4.263909798050195,0.5678934876656285,-0.3679926687980818,0.5273957651167868,22905,6.073985680190931,13.841323891425287
0.56,10,all,True,5.704627008131497,0.6285790537563808,-0.3828660448525959,0.5273957651167868,22905,6.073985680190931,13.841323891425287
0.56,10,5,False,7.082001207970022,0.6714417484919948,-0.3939304199985303,0.5240828038532486,14637,3.881463802704853,13.841323891425287
0.56,10,5,True,8.711097543914887,0.7134401334877074,-0.3784661141083606,0.5240828038532486,14637,3.881463802704853,13.841323891425287
0.56,10,10,False,4.263909798050195,0.5678934876656285,-0.3679926687980818,0.5273957651167868,22905,6.073985680190931,13.841323891425287
0.56,10,10,True,5.704627008131497,0.6285790537563808,-0.3828660448525959,0.5273957651167868,22905,6.073985680190931,13.841323891425287
0.56,15,all,False,4.369347690478085,0.57542750140586,-0.366615356062703,0.5305413758377608,28797,7.636435958631663,13.841323891425287
0.56,15,all,True,5.6658081404601655,0.6292811892280412,-0.38258225987890637,0.5305413758377608,28797,7.636435958631663,13.841323891425287
0.56,15,5,False,7.082001207970022,0.6714417484919948,-0.3939304199985303,0.5240828038532486,14637,3.881463802704853,13.841323891425287
0.56,15,5,True,8.711097543914887,0.7134401334877074,-0.3784661141083606,0.5240828038532486,14637,3.881463802704853,13.841323891425287
0.56,15,10,False,4.263909798050195,0.5678934876656285,-0.3679926687980818,0.5273957651167868,22905,6.073985680190931,13.841323891425287
0.56,15,10,True,5.704627008131497,0.6285790537563808,-0.3828660448525959,0.5273957651167868,22905,6.073985680190931,13.841323891425287
0.56,15,15,False,4.369347690478085,0.57542750140586,-0.366615356062703,0.5305413758377608,28797,7.636435958631663,13.841323891425287
0.56,15,15,True,5.6658081404601655,0.6292811892280412,-0.38258225987890637,0.5305413758377608,28797,7.636435958631663,13.841323891425287
0.56,20,all,False,4.2372028186040165,0.5692127041667225,-0.3761289662426499,0.5326687811508836,33105,8.778838504375496,13.841323891425287
0.56,20,all,True,5.464362944119174,0.6217015629373318,-0.3888644782684908,0.5326687811508836,33105,8.778838504375496,13.841323891425287
0.56,20,5,False,7.082001207970022,0.6714417484919948,-0.3939304199985303,0.5240828038532486,14637,3.881463802704853,13.841323891425287
0.56,20,5,True,8.711097543914887,0.7134401334877074,-0.3784661141083606,0.5240828038532486,14637,3.881463802704853,13.841323891425287
0.56,20,10,False,4.263909798050195,0.5678934876656285,-0.3679926687980818,0.5273957651167868,22905,6.073985680190931,13.841323891425287
0.56,20,10,True,5.704627008131497,0.6285790537563808,-0.3828660448525959,0.5273957651167868,22905,6.073985680190931,13.841323891425287
0.56,20,15,False,4.369347690478085,0.57542750140586,-0.366615356062703,0.5305413758377608,28797,7.636435958631663,13.841323891425287
0.56,20,15,True,5.6658081404601655,0.6292811892280412,-0.38258225987890637,0.5305413758377608,28797,7.636435958631663,13.841323891425287
0.56,20,20,False,4.2372028186040165,0.5692127041667225,-0.3761289662426499,0.5326687811508836,33105,8.778838504375496,13.841323891425287
0.56,20,20,True,5.464362944119174,0.6217015629373318,-0.3888644782684908,0.5326687811508836,33105,8.778838504375496,13.841323891425287
0.56,25,all,False,4.161972725290155,0.5663003947657307,-0.37599399364637554,0.53321170909694,36177,9.593476531424026,13.841323891425287
0.56,25,all,True,5.3789027148858635,0.6190951821188695,-0.38910677096875845,0.53321170909694,36177,9.593476531424026,13.841323891425287
0.56,25,5,False,7.082001207970022,0.6714417484919948,-0.3939304199985303,0.5240828038532486,14637,3.881463802704853,13.841323891425287
0.56,25,5,True,8.711097543914887,0.7134401334877074,-0.3784661141083606,0.5240828038532486,14637,3.881463802704853,13.841323891425287
0.56,25,10,False,4.263909798050195,0.5678934876656285,-0.3679926687980818,0.5273957651167868,22905,6.073985680190931,13.841323891425287
0.56,25,10,True,5.704627008131497,0.6285790537563808,-0.3828660448525959,0.5273957651167868,22905,6.073985680190931,13.841323891425287
0.56,25,15,False,4.369347690478085,0.57542750140586,-0.366615356062703,0.5305413758377608,28797,7.636435958631663,13.841323891425287
0.56,25,15,True,5.6658081404601655,0.6292811892280412,-0.38258225987890637,0.5305413758377608,28797,7.636435958631663,13.841323891425287
0.56,25,20,False,4.2372028186040165,0.5692127041667225,-0.3761289662426499,0.5326687811508836,33105,8.778838504375496,13.841323891425287
0.56,25,20,True,5.464362944119174,0.6217015629373318,-0.3888644782684908,0.5326687811508836,33105,8.778838504375496,13.841323891425287
0.56,30,all,False,4.20985084779059,0.5687987996413153,-0.3713984340143046,0.5341277877300932,38517,10.214001591089897,13.841323891425287
0.56,30,all,True,5.39916362512067,0.619941701137406,-0.38600710646262404,0.5341277877300932,38517,10.214001591089897,13.841323891425287
0.56,30,5,False,7.082001207970022,0.6714417484919948,-0.3939304199985303,0.5240828038532486,14637,3.881463802704853,13.841323891425287
0.56,30,5,True,8.711097543914887,0.7134401334877074,-0.3784661141083606,0.5240828038532486,14637,3.881463802704853,13.841323891425287
0.56,30,10,False,4.263909798050195,0.5678934876656285,-0.3679926687980818,0.5273957651167868,22905,6.073985680190931,13.841323891425287
0.56,30,10,True,5.704627008131497,0.6285790537563808,-0.3828660448525959,0.5273957651167868,22905,6.073985680190931,13.841323891425287
0.56,30,15,False,4.369347690478085,0.57542750140586,-0.366615356062703,0.5305413758377608,28797,7.636435958631663,13.841323891425287
0.56,30,15,True,5.6658081404601655,0.6292811892280412,-0.38258225987890637,0.5305413758377608,28797,7.636435958631663,13.841323891425287
0.56,30,20,False,4.2372028186040165,0.5692127041667225,-0.3761289662426499,0.5326687811508836,33105,8.778838504375496,13.841323891425287
0.56,30,20,True,5.464362944119174,0.6217015629373318,-0.3888644782684908,0.5326687811508836,33105,8.778838504375496,13.841323891425287
0.58,5,all,False,14.372881443942529,0.734495139941017,-0.5183016636276598,0.5308385933273219,11090,2.940864492177141,8.66824634270656
0.58,5,all,True,15.449589608735575,0.7449202881487129,-0.5172412209878006,0.5308385933273219,11090,2.940864492177141,8.66824634270656
0.58,5,5,False,14.372881443942529,0.734495139941017,-0.5183016636276598,0.5308385933273219,11090,2.940864492177141,8.66824634270656
0.58,5,5,True,15.449589608735575,0.7449202881487129,-0.5172412209878006,0.5308385933273219,11090,2.940864492177141,8.66824634270656
0.58,10,all,False,12.955410559887847,0.7170446196762759,-0.5211480345684765,0.5320719016083254,15855,4.204455051710422,8.66824634270656
0.58,10,all,True,13.965239355726625,0.7285816841224135,-0.5196366589116992,0.5320719016083254,15855,4.204455051710422,8.66824634270656
0.58,10,5,False,14.372881443942529,0.734495139941017,-0.5183016636276598,0.5308385933273219,11090,2.940864492177141,8.66824634270656
0.58,10,5,True,15.449589608735575,0.7449202881487129,-0.5172412209878006,0.5308385933273219,11090,2.940864492177141,8.66824634270656
0.58,10,10,False,12.955410559887847,0.7170446196762759,-0.5211480345684765,0.5320719016083254,15855,4.204455051710422,8.66824634270656
0.58,10,10,True,13.965239355726625,0.7285816841224135,-0.5196366589116992,0.5320719016083254,15855,4.204455051710422,8.66824634270656
0.58,15,all,False,13.442738999654653,0.7255409761622085,-0.5190591238819524,0.5343017707560174,18862,5.001856271546009,8.66824634270656
0.58,15,all,True,14.185627319653662,0.7327049789510893,-0.517937263114683,0.5343017707560174,18862,5.001856271546009,8.66824634270656
0.58,15,5,False,14.372881443942529,0.734495139941017,-0.5183016636276598,0.5308385933273219,11090,2.940864492177141,8.66824634270656
0.58,15,5,True,15.449589608735575,0.7449202881487129,-0.5172412209878006,0.5308385933273219,11090,2.940864492177141,8.66824634270656
0.58,15,10,False,12.955410559887847,0.7170446196762759,-0.5211480345684765,0.5320719016083254,15855,4.204455051710422,8.66824634270656
0.58,15,10,True,13.965239355726625,0.7285816841224135,-0.5196366589116992,0.5320719016083254,15855,4.204455051710422,8.66824634270656
0.58,15,15,False,13.442738999654653,0.7255409761622085,-0.5190591238819524,0.5343017707560174,18862,5.001856271546009,8.66824634270656
0.58,15,15,True,14.185627319653662,0.7327049789510893,-0.517937263114683,0.5343017707560174,18862,5.001856271546009,8.66824634270656
0.58,20,all,False,13.061405585512782,0.7199796389100173,-0.5221511119462932,0.5361616355521428,20837,5.525590029169981,8.66824634270656
0.58,20,all,True,13.762486840814029,0.7268959090812942,-0.520734326410983,0.5361616355521428,20837,5.525590029169981,8.66824634270656
0.58,20,5,False,14.372881443942529,0.734495139941017,-0.5183016636276598,0.5308385933273219,11090,2.940864492177141,8.66824634270656
0.58,20,5,True,15.449589608735575,0.7449202881487129,-0.5172412209878006,0.5308385933273219,11090,2.940864492177141,8.66824634270656
0.58,20,10,False,12.955410559887847,0.7170446196762759,-0.5211480345684765,0.5320719016083254,15855,4.204455051710422,8.66824634270656
0.58,20,10,True,13.965239355726625,0.7285816841224135,-0.5196366589116992,0.5320719016083254,15855,4.204455051710422,8.66824634270656
0.58,20,15,False,13.442738999654653,0.7255409761622085,-0.5190591238819524,0.5343017707560174,18862,5.001856271546009,8.66824634270656
0.58,20,15,True,14.185627319653662,0.7327049789510893,-0.517937263114683,0.5343017707560174,18862,5.001856271546009,8.66824634270656
0.58,20,20,False,13.061405585512782,0.7199796389100173,-0.5221511119462932,0.5361616355521428,20837,5.525590029169981,8.66824634270656
0.58,20,20,True,13.762486840814029,0.7268959090812942,-0.520734326410983,0.5361616355521428,20837,5.525590029169981,8.66824634270656
0.58,25,all,False,13.016697424639277,0.7197113303389899,-0.5221511119462932,0.5372711323046471,22229,5.894722885176346,8.66824634270656
0.58,25,all,True,13.685142973200216,0.7261148168836924,-0.520734326410983,0.5372711323046471,22229,5.894722885176346,8.66824634270656
0.58,25,5,False,14.372881443942529,0.734495139941017,-0.5183016636276598,0.5308385933273219,11090,2.940864492177141,8.66824634270656
0.58,25,5,True,15.449589608735575,0.7449202881487129,-0.5172412209878006,0.5308385933273219,11090,2.940864492177141,8.66824634270656
0.58,25,10,False,12.955410559887847,0.7170446196762759,-0.5211480345684765,0.5320719016083254,15855,4.204455051710422,8.66824634270656
0.58,25,10,True,13.965239355726625,0.7285816841224135,-0.5196366589116992,0.5320719016083254,15855,4.204455051710422,8.66824634270656
0.58,25,15,False,13.442738999654653,0.7255409761622085,-0.5190591238819524,0.5343017707560174,18862,5.001856271546009,8.66824634270656
0.58,25,15,True,14.185627319653662,0.7327049789510893,-0.517937263114683,0.5343017707560174,18862,5.001856271546009,8.66824634270656
0.58,25,20,False,13.061405585512782,0.7199796389100173,-0.5221511119462932,0.5361616355521428,20837,5.525590029169981,8.66824634270656
0.58,25,20,True,13.762486840814029,0.7268959090812942,-0.520734326410983,0.5361616355521428,20837,5.525590029169981,8.66824634270656
0.58,30,all,False,13.137533215622492,0.721299425924457,-0.5221511119462932,0.5370884400222061,23417,6.209758684699019,8.66824634270656
0.58,30,all,True,13.740202143633011,0.7266982906951402,-0.520734326410983,0.5370884400222061,23417,6.209758684699019,8.66824634270656
0.58,30,5,False,14.372881443942529,0.734495139941017,-0.5183016636276598,0.5308385933273219,11090,2.940864492177141,8.66824634270656
0.58,30,5,True,15.449589608735575,0.7449202881487129,-0.5172412209878006,0.5308385933273219,11090,2.940864492177141,8.66824634270656
0.58,30,10,False,12.955410559887847,0.7170446196762759,-0.5211480345684765,0.5320719016083254,15855,4.204455051710422,8.66824634270656
0.58,30,10,True,13.965239355726625,0.7285816841224135,-0.5196366589116992,0.5320719016083254,15855,4.204455051710422,8.66824634270656
0.58,30,15,False,13.442738999654653,0.7255409761622085,-0.5190591238819524,0.5343017707560174,18862,5.001856271546009,8.66824634270656
0.58,30,15,True,14.185627319653662,0.7327049789510893,-0.517937263114683,0.5343017707560174,18862,5.001856271546009,8.66824634270656
0.58,30,20,False,13.061405585512782,0.7199796389100173,-0.5221511119462932,0.5361616355521428,20837,5.525590029169981,8.66824634270656
0.58,30,20,True,13.762486840814029,0.7268959090812942,-0.520734326410983,0.5361616355521428,20837,5.525590029169981,8.66824634270656
0.6,5,all,False,4.79819365873761,0.555786268029043,-0.6274888314748284,0.5281931846040696,8158,2.1633518960487934,5.940865170854435
0.6,5,all,True,5.099379087158253,0.56589888824668,-0.6185899955349559,0.5281931846040696,8158,2.1633518960487934,5.940865170854435
0.6,5,5,False,4.79819365873761,0.555786268029043,-0.6274888314748284,0.5281931846040696,8158,2.1633518960487934,5.940865170854435
0.6,5,5,True,5.099379087158253,0.56589888824668,-0.6185899955349559,0.5281931846040696,8158,2.1633518960487934,5.940865170854435
0.6,10,all,False,4.260182566209001,0.534883117780784,-0.6516434051583789,0.5296058661778185,10910,2.893131795279767,5.940865170854435
0.6,10,all,True,4.502738586184365,0.5440467975490783,-0.638017888432657,0.5296058661778185,10910,2.893131795279767,5.940865170854435
0.6,10,5,False,4.79819365873761,0.555786268029043,-0.6274888314748284,0.5281931846040696,8158,2.1633518960487934,5.940865170854435
0.6,10,5,True,5.099379087158253,0.56589888824668,-0.6185899955349559,0.5281931846040696,8158,2.1633518960487934,5.940865170854435
0.6,10,10,False,4.260182566209001,0.534883117780784,-0.6516434051583789,0.5296058661778185,10910,2.893131795279767,5.940865170854435
0.6,10,10,True,4.502738586184365,0.5440467975490783,-0.638017888432657,0.5296058661778185,10910,2.893131795279767,5.940865170854435
0.6,15,all,False,4.1214911250637805,0.5292254728942456,-0.6516434051583789,0.5326402321083172,12408,3.290373906125696,5.940865170854435
0.6,15,all,True,4.356495438494283,0.5382982648644031,-0.638017888432657,0.5326402321083172,12408,3.290373906125696,5.940865170854435
0.6,15,5,False,4.79819365873761,0.555786268029043,-0.6274888314748284,0.5281931846040696,8158,2.1633518960487934,5.940865170854435
0.6,15,5,True,5.099379087158253,0.56589888824668,-0.6185899955349559,0.5281931846040696,8158,2.1633518960487934,5.940865170854435
0.6,15,10,False,4.260182566209001,0.534883117780784,-0.6516434051583789,0.5296058661778185,10910,2.893131795279767,5.940865170854435
0.6,15,10,True,4.502738586184365,0.5440467975490783,-0.638017888432657,0.5296058661778185,10910,2.893131795279767,5.940865170854435
0.6,15,15,False,4.1214911250637805,0.5292254728942456,-0.6516434051583789,0.5326402321083172,12408,3.290373906125696,5.940865170854435
0.6,15,15,True,4.356495438494283,0.5382982648644031,-0.638017888432657,0.5326402321083172,12408,3.290373906125696,5.940865170854435
0.6,20,all,False,4.111041855436955,0.528869099111643,-0.6516434051583789,0.533567868660217,13644,3.6181384248210025,5.940865170854435
0.6,20,all,True,4.333251207623187,0.5374125520512127,-0.638017888432657,0.533567868660217,13644,3.6181384248210025,5.940865170854435
0.6,20,5,False,4.79819365873761,0.555786268029043,-0.6274888314748284,0.5281931846040696,8158,2.1633518960487934,5.940865170854435
0.6,20,5,True,5.099379087158253,0.56589888824668,-0.6185899955349559,0.5281931846040696,8158,2.1633518960487934,5.940865170854435
0.6,20,10,False,4.260182566209001,0.534883117780784,-0.6516434051583789,0.5296058661778185,10910,2.893131795279767,5.940865170854435
0.6,20,10,True,4.502738586184365,0.5440467975490783,-0.638017888432657,0.5296058661778185,10910,2.893131795279767,5.940865170854435
0.6,20,15,False,4.1214911250637805,0.5292254728942456,-0.6516434051583789,0.5326402321083172,12408,3.290373906125696,5.940865170854435
0.6,20,15,True,4.356495438494283,0.5382982648644031,-0.638017888432657,0.5326402321083172,12408,3.290373906125696,5.940865170854435
0.6,20,20,False,4.111041855436955,0.528869099111643,-0.6516434051583789,0.533567868660217,13644,3.6181384248210025,5.940865170854435
0.6,20,20,True,4.333251207623187,0.5374125520512127,-0.638017888432657,0.533567868660217,13644,3.6181384248210025,5.940865170854435
0.6,25,all,False,4.152511703124718,0.5311253767055831,-0.6516434051583789,0.5350448247758761,14724,3.9045346062052504,5.940865170854435
0.6,25,all,True,4.360947410990563,0.538933522118435,-0.638017888432657,0.5350448247758761,14724,3.9045346062052504,5.940865170854435
0.6,25,5,False,4.79819365873761,0.555786268029043,-0.6274888314748284,0.5281931846040696,8158,2.1633518960487934,5.940865170854435
0.6,25,5,True,5.099379087158253,0.56589888824668,-0.6185899955349559,0.5281931846040696,8158,2.1633518960487934,5.940865170854435
0.6,25,10,False,4.260182566209001,0.534883117780784,-0.6516434051583789,0.5296058661778185,10910,2.893131795279767,5.940865170854435
0.6,25,10,True,4.502738586184365,0.5440467975490783,-0.638017888432657,0.5296058661778185,10910,2.893131795279767,5.940865170854435
0.6,25,15,False,4.1214911250637805,0.5292254728942456,-0.6516434051583789,0.5326402321083172,12408,3.290373906125696,5.940865170854435
0.6,25,15,True,4.356495438494283,0.5382982648644031,-0.638017888432657,0.5326402321083172,12408,3.290373906125696,5.940865170854435
0.6,25,20,False,4.111041855436955,0.528869099111643,-0.6516434051583789,0.533567868660217,13644,3.6181384248210025,5.940865170854435
0.6,25,20,True,4.333251207623187,0.5374125520512127,-0.638017888432657,0.533567868660217,13644,3.6181384248210025,5.940865170854435
0.6,30,all,False,4.168460678385984,0.5317284745086048,-0.6516434051583789,0.5346905124302385,15768,4.181384248210024,5.940865170854435
0.6,30,all,True,4.362651546031125,0.5389131280725886,-0.638017888432657,0.5346905124302385,15768,4.181384248210024,5.940865170854435
0.6,30,5,False,4.79819365873761,0.555786268029043,-0.6274888314748284,0.5281931846040696,8158,2.1633518960487934,5.940865170854435
0.6,30,5,True,5.099379087158253,0.56589888824668,-0.6185899955349559,0.5281931846040696,8158,2.1633518960487934,5.940865170854435
0.6,30,10,False,4.260182566209001,0.534883117780784,-0.6516434051583789,0.5296058661778185,10910,2.893131795279767,5.940865170854435
0.6,30,10,True,4.502738586184365,0.5440467975490783,-0.638017888432657,0.5296058661778185,10910,2.893131795279767,5.940865170854435
0.6,30,15,False,4.1214911250637805,0.5292254728942456,-0.6516434051583789,0.5326402321083172,12408,3.290373906125696,5.940865170854435
0.6,30,15,True,4.356495438494283,0.5382982648644031,-0.638017888432657,0.5326402321083172,12408,3.290373906125696,5.940865170854435
0.6,30,20,False,4.111041855436955,0.528869099111643,-0.6516434051583789,0.533567868660217,13644,3.6181384248210025,5.940865170854435
0.6,30,20,True,4.333251207623187,0.5374125520512127,-0.638017888432657,0.533567868660217,13644,3.6181384248210025,5.940865170854435
