candidate,score,signal_threshold,top_k,hold_days,confidence,full_ann_model,full_ann_ew,full_ann_spy,full_ann_quant,full_excess_vs_quant,full_max_drawdown,full_beta_vs_quant,full_information_ratio_vs_quant,constraints_passed,recent_ann_model,recent_ann_ew,recent_ann_spy,recent_ann_quant
40,-99.98338079409237,0.52,10,10,0.0,0.15161298992679306,0.1827577629121806,0.13917917385424317,0.1437880370256024,0.007824952901190674,-0.33541219577532233,-0.060245630824905735,0.026588187091986473,False,0.20778055555221608,0.17146495497408254,0.15059382158940426,0.150355157213927
41,-99.98338079409237,0.52,10,10,0.03,0.15161298992679306,0.1827577629121806,0.13917917385424317,0.1437880370256024,0.007824952901190674,-0.33541219577532233,-0.060245630824905735,0.026588187091986473,False,0.20778055555221608,0.17146495497408254,0.15059382158940426,0.150355157213927
49,-99.99091670587343,0.52,15,10,0.0,0.14929735886718287,0.1827577629121806,0.13917917385424317,0.1437880370256024,0.0055093218415804834,-0.30788939688180705,-0.06025764483950665,0.018895323752014862,False,0.21944450137928362,0.17146495497408254,0.15059382158940426,0.150355157213927
50,-99.99091670587343,0.52,15,10,0.03,0.14929735886718287,0.1827577629121806,0.13917917385424317,0.1437880370256024,0.0055093218415804834,-0.30788939688180705,-0.06025764483950665,0.018895323752014862,False,0.21944450137928362,0.17146495497408254,0.15059382158940426,0.150355157213927
85,-100.01145552324691,0.53,15,10,0.0,0.15612986196400502,0.1827577629121806,0.13917917385424317,0.1437880370256024,0.012341824938402635,-0.30220758991157115,-0.06608108551462966,0.042534376938005485,False,0.20942601869695565,0.17146495497408254,0.15059382158940426,0.150355157213927
86,-100.01145552324691,0.53,15,10,0.03,0.15612986196400502,0.1827577629121806,0.13917917385424317,0.1437880370256024,0.012341824938402635,-0.30220758991157115,-0.06608108551462966,0.042534376938005485,False,0.20942601869695565,0.17146495497408254,0.15059382158940426,0.150355157213927
87,-100.01145552324691,0.53,15,10,0.05,0.15612986196400502,0.1827577629121806,0.13917917385424317,0.1437880370256024,0.012341824938402635,-0.30220758991157115,-0.06608108551462966,0.042534376938005485,False,0.20942601869695565,0.17146495497408254,0.15059382158940426,0.150355157213927
77,-100.01581300942466,0.53,10,10,0.03,0.15181980048226107,0.1827577629121806,0.13917917385424317,0.1437880370256024,0.00803176345665868,-0.33541219577532233,-0.06662238982641909,0.027449936944372,False,0.2004672552901663,0.17146495497408254,0.15059382158940426,0.150355157213927
78,-100.01581300942466,0.53,10,10,0.05,0.15181980048226107,0.1827577629121806,0.13917917385424317,0.1437880370256024,0.00803176345665868,-0.33541219577532233,-0.06662238982641909,0.027449936944372,False,0.2004672552901663,0.17146495497408254,0.15059382158940426,0.150355157213927
76,-100.01581300942466,0.53,10,10,0.0,0.15181980048226107,0.1827577629121806,0.13917917385424317,0.1437880370256024,0.00803176345665868,-0.33541219577532233,-0.06662238982641909,0.027449936944372,False,0.2004672552901663,0.17146495497408254,0.15059382158940426,0.150355157213927
7,-100.1619947423985,0.5,10,15,0.0,0.15368648828510745,0.1827577629121806,0.13917917385424317,0.1437880370256024,0.009898451259505059,-0.3195239624957409,-0.07937239160955564,0.03408312245727327,False,0.11690062498043918,0.17146495497408254,0.15059382158940426,0.150355157213927
58,-100.16279147147581,0.52,20,10,0.0,0.1357683816002051,0.1827577629121806,0.13917917385424317,0.1437880370256024,-0.008019655425397287,-0.3202844206919875,-0.06209310709895343,-0.02743080697056916,False,0.19367514994618062,0.17146495497408254,0.15059382158940426,0.150355157213927
68,-100.16279147147581,0.52,25,10,0.03,0.1357683816002051,0.1827577629121806,0.13917917385424317,0.1437880370256024,-0.008019655425397287,-0.3202844206919875,-0.06209310709895343,-0.02743080697056916,False,0.19367514994618062,0.17146495497408254,0.15059382158940426,0.150355157213927
67,-100.16279147147581,0.52,25,10,0.0,0.1357683816002051,0.1827577629121806,0.13917917385424317,0.1437880370256024,-0.008019655425397287,-0.3202844206919875,-0.06209310709895343,-0.02743080697056916,False,0.19367514994618062,0.17146495497408254,0.15059382158940426,0.150355157213927
59,-100.16279147147581,0.52,20,10,0.03,0.1357683816002051,0.1827577629121806,0.13917917385424317,0.1437880370256024,-0.008019655425397287,-0.3202844206919875,-0.06209310709895343,-0.02743080697056916,False,0.19367514994618062,0.17146495497408254,0.15059382158940426,0.150355157213927
4,-100.17271219365577,0.5,10,10,0.0,0.14967550977708055,0.1827577629121806,0.13917917385424317,0.1437880370256024,0.005887472751478162,-0.33541219577532244,-0.08045144684170384,0.019996351303544393,False,0.16368974156958793,0.17146495497408254,0.15059382158940426,0.150355157213927
103,-100.20199006846292,0.53,25,10,0.0,0.14326907158875124,0.1827577629121806,0.13917917385424317,0.1437880370256024,-0.0005189654368511487,-0.3133452372157437,-0.06893329905107348,-0.0017830308102219819,False,0.17800189111714926,0.17146495497408254,0.15059382158940426,0.150355157213927
104,-100.20199006846292,0.53,25,10,0.03,0.14326907158875124,0.1827577629121806,0.13917917385424317,0.1437880370256024,-0.0005189654368511487,-0.3133452372157437,-0.06893329905107348,-0.0017830308102219819,False,0.17800189111714926,0.17146495497408254,0.15059382158940426,0.150355157213927
94,-100.20199006846292,0.53,20,10,0.0,0.14326907158875124,0.1827577629121806,0.13917917385424317,0.1437880370256024,-0.0005189654368511487,-0.3133452372157437,-0.06893329905107348,-0.0017830308102219819,False,0.17800189111714926,0.17146495497408254,0.15059382158940426,0.150355157213927
105,-100.20199006846292,0.53,25,10,0.05,0.14326907158875124,0.1827577629121806,0.13917917385424317,0.1437880370256024,-0.0005189654368511487,-0.3133452372157437,-0.06893329905107348,-0.0017830308102219819,False,0.17800189111714926,0.17146495497408254,0.15059382158940426,0.150355157213927
95,-100.20199006846292,0.53,20,10,0.03,0.14326907158875124,0.1827577629121806,0.13917917385424317,0.1437880370256024,-0.0005189654368511487,-0.3133452372157437,-0.06893329905107348,-0.0017830308102219819,False,0.17800189111714926,0.17146495497408254,0.15059382158940426,0.150355157213927
96,-100.20199006846292,0.53,20,10,0.05,0.14326907158875124,0.1827577629121806,0.13917917385424317,0.1437880370256024,-0.0005189654368511487,-0.3133452372157437,-0.06893329905107348,-0.0017830308102219819,False,0.17800189111714926,0.17146495497408254,0.15059382158940426,0.150355157213927
116,-100.20726933559216,0.55,10,15,0.03,0.16200266791949813,0.1827577629121806,0.13917917385424317,0.1437880370256024,0.018214630893895745,-0.34377780426171367,-0.07490486498736552,0.0605834768499873,False,0.1581333025951348,0.17146495497408254,0.15059382158940426,0.150355157213927
115,-100.20726933559216,0.55,10,15,0.0,0.16200266791949813,0.1827577629121806,0.13917917385424317,0.1437880370256024,0.018214630893895745,-0.34377780426171367,-0.07490486498736552,0.0605834768499873,False,0.1581333025951348,0.17146495497408254,0.15059382158940426,0.150355157213927
117,-100.20726933559216,0.55,10,15,0.05,0.16200266791949813,0.1827577629121806,0.13917917385424317,0.1437880370256024,0.018214630893895745,-0.34377780426171367,-0.07490486498736552,0.0605834768499873,False,0.1581333025951348,0.17146495497408254,0.15059382158940426,0.150355157213927
13,-100.2087407624934,0.5,15,10,0.0,0.14706677665023205,0.1827577629121806,0.13917917385424317,0.1437880370256024,0.0032787396246296563,-0.30788939688180705,-0.08020057720578155,0.011235167096618285,False,0.1672382169658433,0.17146495497408254,0.15059382158940426,0.150355157213927
43,-100.2160068050337,0.52,10,15,0.0,0.15827771592675277,0.1827577629121806,0.13917917385424317,0.1437880370256024,0.014489678901150382,-0.31952396249574044,-0.07670188040086205,0.049086345415704044,False,0.16173453947838845,0.17146495497408254,0.15059382158940426,0.150355157213927
44,-100.2160068050337,0.52,10,15,0.03,0.15827771592675277,0.1827577629121806,0.13917917385424317,0.1437880370256024,0.014489678901150382,-0.31952396249574044,-0.07670188040086205,0.049086345415704044,False,0.16173453947838845,0.17146495497408254,0.15059382158940426,0.150355157213927
80,-100.25616164694027,0.53,10,15,0.03,0.14807340640507372,0.1827577629121806,0.13917917385424317,0.1437880370256024,0.004285369379471327,-0.3198834811929726,-0.0779523855938041,0.01459487072598064,False,0.1308405083730999,0.17146495497408254,0.15059382158940426,0.150355157213927
79,-100.25616164694027,0.53,10,15,0.0,0.14807340640507372,0.1827577629121806,0.13917917385424317,0.1437880370256024,0.004285369379471327,-0.3198834811929726,-0.0779523855938041,0.01459487072598064,False,0.1308405083730999,0.17146495497408254,0.15059382158940426,0.150355157213927
81,-100.25616164694027,0.53,10,15,0.05,0.14807340640507372,0.1827577629121806,0.13917917385424317,0.1437880370256024,0.004285369379471327,-0.3198834811929726,-0.0779523855938041,0.01459487072598064,False,0.1308405083730999,0.17146495497408254,0.15059382158940426,0.150355157213927
31,-100.28096846308074,0.5,25,10,0.0,0.13994425648254816,0.1827577629121806,0.13917917385424317,0.1437880370256024,-0.0038437805430542316,-0.3202844206919878,-0.08135466027856743,-0.01317116437852131,False,0.14920597303262695,0.17146495497408254,0.15059382158940426,0.150355157213927
22,-100.28096846308074,0.5,20,10,0.0,0.13994425648254816,0.1827577629121806,0.13917917385424317,0.1437880370256024,-0.0038437805430542316,-0.3202844206919878,-0.08135466027856743,-0.01317116437852131,False,0.14920597303262695,0.17146495497408254,0.15059382158940426,0.150355157213927
5,-100.29548114040847,0.5,10,10,0.03,0.1389535228311971,0.1827577629121806,0.13917917385424317,0.1437880370256024,-0.004834514194405282,-0.33541219577532233,-0.07440297976919497,-0.01637402936587994,False,0.16945841912371495,0.17146495497408254,0.15059382158940426,0.150355157213927
51,-100.30631846874576,0.52,15,10,0.05,0.12990995205051092,0.1827577629121806,0.13917917385424317,0.1437880370256024,-0.013878084975091465,-0.3348658345280404,-0.060991261087412846,-0.047663675342709724,False,0.1905374629425498,0.17146495497408254,0.15059382158940426,0.150355157213927
15,-100.30631846874576,0.5,15,10,0.05,0.12990995205051092,0.1827577629121806,0.13917917385424317,0.1437880370256024,-0.013878084975091465,-0.3348658345280404,-0.060991261087412846,-0.047663675342709724,False,0.1905374629425498,0.17146495497408254,0.15059382158940426,0.150355157213927
14,-100.31097936793432,0.5,15,10,0.03,0.13698501170040278,0.1827577629121806,0.13917917385424317,0.1437880370256024,-0.0068030253251996076,-0.30788939688180716,-0.07446591001176263,-0.02326378632009062,False,0.1770171641767222,0.17146495497408254,0.15059382158940426,0.150355157213927
6,-100.33394929128417,0.5,10,10,0.05,0.12768576161236278,0.1827577629121806,0.13917917385424317,0.1437880370256024,-0.01610227541323961,-0.33541219577532233,-0.06025284521229429,-0.0548483249650599,False,0.17666920652105866,0.17146495497408254,0.15059382158940426,0.150355157213927
42,-100.33394929128417,0.52,10,10,0.05,0.12768576161236278,0.1827577629121806,0.13917917385424317,0.1437880370256024,-0.01610227541323961,-0.33541219577532233,-0.06025284521229429,-0.0548483249650599,False,0.17666920652105866,0.17146495497408254,0.15059382158940426,0.150355157213927
8,-100.34558000254006,0.5,10,15,0.03,0.14759037901006056,0.1827577629121806,0.13917917385424317,0.1437880370256024,0.0038023419844581685,-0.31952396249574067,-0.07794833708094323,0.012865354978724921,False,0.15032714651194312,0.17146495497408254,0.15059382158940426,0.150355157213927
34,-100.41150085753746,0.5,25,15,0.0,0.13341337911603235,0.1827577629121806,0.13917917385424317,0.1437880370256024,-0.01037465790957004,-0.3234866236051742,-0.08045486654044923,-0.03628067340055329,False,0.0877134356101108,0.17146495497408254,0.15059382158940426,0.150355157213927
25,-100.41150085753746,0.5,20,15,0.0,0.13341337911603235,0.1827577629121806,0.13917917385424317,0.1437880370256024,-0.01037465790957004,-0.3234866236051742,-0.08045486654044923,-0.03628067340055329,False,0.0877134356101108,0.17146495497408254,0.15059382158940426,0.150355157213927
16,-100.41591269908821,0.5,15,15,0.0,0.12963907517934037,0.1827577629121806,0.13917917385424317,0.1437880370256024,-0.01414896184626202,-0.3090926229165444,-0.07683946768118105,-0.04937824061019017,False,0.09926165940623055,0.17146495497408254,0.15059382158940426,0.150355157213927
32,-100.43039039075543,0.5,25,10,0.03,0.12569807283596224,0.1827577629121806,0.13917917385424317,0.1437880370256024,-0.01808996418964015,-0.3202844206919876,-0.07566621774815088,-0.06178914464845309,False,0.15529180884600424,0.17146495497408254,0.15059382158940426,0.150355157213927
23,-100.43039039075543,0.5,20,10,0.03,0.12569807283596224,0.1827577629121806,0.13917917385424317,0.1437880370256024,-0.01808996418964015,-0.3202844206919876,-0.07566621774815088,-0.06178914464845309,False,0.15529180884600424,0.17146495497408254,0.15059382158940426,0.150355157213927
52,-100.4602053015428,0.52,15,15,0.0,0.13532159325157833,0.1827577629121806,0.13917917385424317,0.1437880370256024,-0.008466443774024057,-0.3090926229165445,-0.07853188883880062,-0.028997354357013564,False,0.14339906796224167,0.17146495497408254,0.15059382158940426,0.150355157213927
53,-100.4602053015428,0.52,15,15,0.03,0.13532159325157833,0.1827577629121806,0.13917917385424317,0.1437880370256024,-0.008466443774024057,-0.3090926229165445,-0.07853188883880062,-0.028997354357013564,False,0.14339906796224167,0.17146495497408254,0.15059382158940426,0.150355157213927
124,-100.48033889909624,0.55,15,15,0.0,0.14051057339818018,0.1827577629121806,0.13917917385424317,0.1437880370256024,-0.0032774636274222058,-0.33207602301810035,-0.07645387754742558,-0.010975495465065049,False,0.1259709971830112,0.17146495497408254,0.15059382158940426,0.150355157213927
125,-100.48033889909624,0.55,15,15,0.03,0.14051057339818018,0.1827577629121806,0.13917917385424317,0.1437880370256024,-0.0032774636274222058,-0.33207602301810035,-0.07645387754742558,-0.010975495465065049,False,0.1259709971830112,0.17146495497408254,0.15059382158940426,0.150355157213927
126,-100.48033889909624,0.55,15,15,0.05,0.14051057339818018,0.1827577629121806,0.13917917385424317,0.1437880370256024,-0.0032774636274222058,-0.33207602301810035,-0.07645387754742558,-0.010975495465065049,False,0.1259709971830112,0.17146495497408254,0.15059382158940426,0.150355157213927
60,-100.4969256322238,0.52,20,10,0.05,0.11704328983477885,0.1827577629121806,0.13917917385424317,0.1437880370256024,-0.026744747190823537,-0.3315414099699828,-0.06389481452317271,-0.0915552580603949,False,0.16200488086243414,0.17146495497408254,0.15059382158940426,0.150355157213927
69,-100.4969256322238,0.52,25,10,0.05,0.11704328983477885,0.1827577629121806,0.13917917385424317,0.1437880370256024,-0.026744747190823537,-0.3315414099699828,-0.06389481452317271,-0.0915552580603949,False,0.16200488086243414,0.17146495497408254,0.15059382158940426,0.150355157213927
24,-100.4969256322238,0.5,20,10,0.05,0.11704328983477885,0.1827577629121806,0.13917917385424317,0.1437880370256024,-0.026744747190823537,-0.3315414099699828,-0.06389481452317271,-0.0915552580603949,False,0.16200488086243414,0.17146495497408254,0.15059382158940426,0.150355157213927
33,-100.4969256322238,0.5,25,10,0.05,0.11704328983477885,0.1827577629121806,0.13917917385424317,0.1437880370256024,-0.026744747190823537,-0.3315414099699828,-0.06389481452317271,-0.0915552580603949,False,0.16200488086243414,0.17146495497408254,0.15059382158940426,0.150355157213927
135,-100.50804181359337,0.55,20,15,0.05,0.14210390675943585,0.1827577629121806,0.13917917385424317,0.1437880370256024,-0.0016841302661665392,-0.3455435605073215,-0.07760885543773673,-0.005643333160338901,False,0.11176424953992581,0.17146495497408254,0.15059382158940426,0.150355157213927
133,-100.50804181359337,0.55,20,15,0.0,0.14210390675943585,0.1827577629121806,0.13917917385424317,0.1437880370256024,-0.0016841302661665392,-0.3455435605073215,-0.07760885543773673,-0.005643333160338901,False,0.11176424953992581,0.17146495497408254,0.15059382158940426,0.150355157213927
143,-100.50804181359337,0.55,25,15,0.03,0.14210390675943585,0.1827577629121806,0.13917917385424317,0.1437880370256024,-0.0016841302661665392,-0.3455435605073215,-0.07760885543773673,-0.005643333160338901,False,0.11176424953992581,0.17146495497408254,0.15059382158940426,0.150355157213927
144,-100.50804181359337,0.55,25,15,0.05,0.14210390675943585,0.1827577629121806,0.13917917385424317,0.1437880370256024,-0.0016841302661665392,-0.3455435605073215,-0.07760885543773673,-0.005643333160338901,False,0.11176424953992581,0.17146495497408254,0.15059382158940426,0.150355157213927
142,-100.50804181359337,0.55,25,15,0.0,0.14210390675943585,0.1827577629121806,0.13917917385424317,0.1437880370256024,-0.0016841302661665392,-0.3455435605073215,-0.07760885543773673,-0.005643333160338901,False,0.11176424953992581,0.17146495497408254,0.15059382158940426,0.150355157213927
134,-100.50804181359337,0.55,20,15,0.03,0.14210390675943585,0.1827577629121806,0.13917917385424317,0.1437880370256024,-0.0016841302661665392,-0.3455435605073215,-0.07760885543773673,-0.005643333160338901,False,0.11176424953992581,0.17146495497408254,0.15059382158940426,0.150355157213927
113,-100.5226715831858,0.55,10,10,0.03,0.12420709357760873,0.1827577629121806,0.13917917385424317,0.1437880370256024,-0.01958094344799366,-0.3331956705618834,-0.06258860744387677,-0.06552062621621847,False,0.12433286419448608,0.17146495497408254,0.15059382158940426,0.150355157213927
112,-100.5226715831858,0.55,10,10,0.0,0.12420709357760873,0.1827577629121806,0.13917917385424317,0.1437880370256024,-0.01958094344799366,-0.3331956705618834,-0.06258860744387677,-0.06552062621621847,False,0.12433286419448608,0.17146495497408254,0.15059382158940426,0.150355157213927
114,-100.5226715831858,0.55,10,10,0.05,0.12420709357760873,0.1827577629121806,0.13917917385424317,0.1437880370256024,-0.01958094344799366,-0.3331956705618834,-0.06258860744387677,-0.06552062621621847,False,0.12433286419448608,0.17146495497408254,0.15059382158940426,0.150355157213927
71,-100.52977119952433,0.52,25,15,0.03,0.1347363531522543,0.1827577629121806,0.13917917385424317,0.1437880370256024,-0.009051683873348093,-0.3225489377552334,-0.08087581664305242,-0.031057660438442797,False,0.12309241002138305,0.17146495497408254,0.15059382158940426,0.150355157213927
62,-100.52977119952433,0.52,20,15,0.03,0.1347363531522543,0.1827577629121806,0.13917917385424317,0.1437880370256024,-0.009051683873348093,-0.3225489377552334,-0.08087581664305242,-0.031057660438442797,False,0.12309241002138305,0.17146495497408254,0.15059382158940426,0.150355157213927
70,-100.52977119952433,0.52,25,15,0.0,0.1347363531522543,0.1827577629121806,0.13917917385424317,0.1437880370256024,-0.009051683873348093,-0.3225489377552334,-0.08087581664305242,-0.031057660438442797,False,0.12309241002138305,0.17146495497408254,0.15059382158940426,0.150355157213927
61,-100.52977119952433,0.52,20,15,0.0,0.1347363531522543,0.1827577629121806,0.13917917385424317,0.1437880370256024,-0.009051683873348093,-0.3225489377552334,-0.08087581664305242,-0.031057660438442797,False,0.12309241002138305,0.17146495497408254,0.15059382158940426,0.150355157213927
45,-100.534812720451,0.52,10,15,0.05,0.13208180999309826,0.1827577629121806,0.13917917385424317,0.1437880370256024,-0.011706227032504124,-0.31952396249574033,-0.07275156877950253,-0.03980907176115963,False,0.13084376332678405,0.17146495497408254,0.15059382158940426,0.150355157213927
9,-100.534812720451,0.5,10,15,0.05,0.13208180999309826,0.1827577629121806,0.13917917385424317,0.1437880370256024,-0.011706227032504124,-0.31952396249574033,-0.07275156877950253,-0.03980907176115963,False,0.13084376332678405,0.17146495497408254,0.15059382158940426,0.150355157213927
122,-100.54090405559275,0.55,15,10,0.03,0.1256963333556136,0.1827577629121806,0.13917917385424317,0.1437880370256024,-0.0180917036699888,-0.31998989602944117,-0.06283462743880006,-0.06091015428517565,False,0.12370003130631435,0.17146495497408254,0.15059382158940426,0.150355157213927
121,-100.54090405559275,0.55,15,10,0.0,0.1256963333556136,0.1827577629121806,0.13917917385424317,0.1437880370256024,-0.0180917036699888,-0.31998989602944117,-0.06283462743880006,-0.06091015428517565,False,0.12370003130631435,0.17146495497408254,0.15059382158940426,0.150355157213927
123,-100.54090405559275,0.55,15,10,0.05,0.1256963333556136,0.1827577629121806,0.13917917385424317,0.1437880370256024,-0.0180917036699888,-0.31998989602944117,-0.06283462743880006,-0.06091015428517565,False,0.12370003130631435,0.17146495497408254,0.15059382158940426,0.150355157213927
88,-100.55210654151635,0.53,15,15,0.0,0.12354625519764251,0.1827577629121806,0.13917917385424317,0.1437880370256024,-0.02024178182795988,-0.3091833171012396,-0.07954788628002643,-0.06957254067147153,False,0.10791428420346216,0.17146495497408254,0.15059382158940426,0.150355157213927
90,-100.55210654151635,0.53,15,15,0.05,0.12354625519764251,0.1827577629121806,0.13917917385424317,0.1437880370256024,-0.02024178182795988,-0.3091833171012396,-0.07954788628002643,-0.06957254067147153,False,0.10791428420346216,0.17146495497408254,0.15059382158940426,0.150355157213927
89,-100.55210654151635,0.53,15,15,0.03,0.12354625519764251,0.1827577629121806,0.13917917385424317,0.1437880370256024,-0.02024178182795988,-0.3091833171012396,-0.07954788628002643,-0.06957254067147153,False,0.10791428420346216,0.17146495497408254,0.15059382158940426,0.150355157213927
17,-100.56466068020036,0.5,15,15,0.03,0.1270463348728652,0.1827577629121806,0.13917917385424317,0.1437880370256024,-0.01674170215273718,-0.3370619614323642,-0.07850364006959733,-0.057335847982617746,False,0.1351294087727275,0.17146495497408254,0.15059382158940426,0.150355157213927
26,-100.59530907249167,0.5,20,15,0.03,0.12845361596717564,0.1827577629121806,0.13917917385424317,0.1437880370256024,-0.01533442105842675,-0.32723933617382217,-0.08129934939618605,-0.05264896523147343,False,0.11884084314313781,0.17146495497408254,0.15059382158940426,0.150355157213927
35,-100.59530907249167,0.5,25,15,0.03,0.12845361596717564,0.1827577629121806,0.13917917385424317,0.1437880370256024,-0.01533442105842675,-0.32723933617382217,-0.08129934939618605,-0.05264896523147343,False,0.11884084314313781,0.17146495497408254,0.15059382158940426,0.150355157213927
99,-100.60797176924073,0.53,20,15,0.05,0.12359782686155119,0.1827577629121806,0.13917917385424317,0.1437880370256024,-0.020190210164051203,-0.3215433463554447,-0.08097175071724037,-0.069520862251604,False,0.08764689345361876,0.17146495497408254,0.15059382158940426,0.150355157213927
97,-100.60797176924073,0.53,20,15,0.0,0.12359782686155119,0.1827577629121806,0.13917917385424317,0.1437880370256024,-0.020190210164051203,-0.3215433463554447,-0.08097175071724037,-0.069520862251604,False,0.08764689345361876,0.17146495497408254,0.15059382158940426,0.150355157213927
98,-100.60797176924073,0.53,20,15,0.03,0.12359782686155119,0.1827577629121806,0.13917917385424317,0.1437880370256024,-0.020190210164051203,-0.3215433463554447,-0.08097175071724037,-0.069520862251604,False,0.08764689345361876,0.17146495497408254,0.15059382158940426,0.150355157213927
108,-100.60797176924073,0.53,25,15,0.05,0.12359782686155119,0.1827577629121806,0.13917917385424317,0.1437880370256024,-0.020190210164051203,-0.3215433463554447,-0.08097175071724037,-0.069520862251604,False,0.08764689345361876,0.17146495497408254,0.15059382158940426,0.150355157213927
106,-100.60797176924073,0.53,25,15,0.0,0.12359782686155119,0.1827577629121806,0.13917917385424317,0.1437880370256024,-0.020190210164051203,-0.3215433463554447,-0.08097175071724037,-0.069520862251604,False,0.08764689345361876,0.17146495497408254,0.15059382158940426,0.150355157213927
107,-100.60797176924073,0.53,25,15,0.03,0.12359782686155119,0.1827577629121806,0.13917917385424317,0.1437880370256024,-0.020190210164051203,-0.3215433463554447,-0.08097175071724037,-0.069520862251604,False,0.08764689345361876,0.17146495497408254,0.15059382158940426,0.150355157213927
1,-100.63736469572119,0.5,10,5,0.0,0.1223570887395955,0.1827577629121806,0.13917917385424317,0.1437880370256024,-0.02143094828600689,-0.3409223050687119,-0.08698236587892061,-0.07320274297612461,False,0.12229649641681717,0.17146495497408254,0.15059382158940426,0.150355157213927
131,-100.69675744470302,0.55,20,10,0.03,0.11640666032397617,0.1827577629121806,0.13917917385424317,0.1437880370256024,-0.027381376701626214,-0.32363350063230456,-0.06531419672817063,-0.09184413325636984,False,0.1016424932768889,0.17146495497408254,0.15059382158940426,0.150355157213927
130,-100.69675744470302,0.55,20,10,0.0,0.11640666032397617,0.1827577629121806,0.13917917385424317,0.1437880370256024,-0.027381376701626214,-0.32363350063230456,-0.06531419672817063,-0.09184413325636984,False,0.1016424932768889,0.17146495497408254,0.15059382158940426,0.150355157213927
141,-100.69675744470302,0.55,25,10,0.05,0.11640666032397617,0.1827577629121806,0.13917917385424317,0.1437880370256024,-0.027381376701626214,-0.32363350063230456,-0.06531419672817063,-0.09184413325636984,False,0.1016424932768889,0.17146495497408254,0.15059382158940426,0.150355157213927
132,-100.69675744470302,0.55,20,10,0.05,0.11640666032397617,0.1827577629121806,0.13917917385424317,0.1437880370256024,-0.027381376701626214,-0.32363350063230456,-0.06531419672817063,-0.09184413325636984,False,0.1016424932768889,0.17146495497408254,0.15059382158940426,0.150355157213927
139,-100.69675744470302,0.55,25,10,0.0,0.11640666032397617,0.1827577629121806,0.13917917385424317,0.1437880370256024,-0.027381376701626214,-0.32363350063230456,-0.06531419672817063,-0.09184413325636984,False,0.1016424932768889,0.17146495497408254,0.15059382158940426,0.150355157213927
140,-100.69675744470302,0.55,25,10,0.03,0.11640666032397617,0.1827577629121806,0.13917917385424317,0.1437880370256024,-0.027381376701626214,-0.32363350063230456,-0.06531419672817063,-0.09184413325636984,False,0.1016424932768889,0.17146495497408254,0.15059382158940426,0.150355157213927
54,-100.81371413383089,0.52,15,15,0.05,0.1090199481261711,0.1827577629121806,0.13917917385424317,0.1437880370256024,-0.03476808889943128,-0.3617281247146139,-0.07492848213076392,-0.11942074177630634,False,0.1102432165450653,0.17146495497408254,0.15059382158940426,0.150355157213927
18,-100.81371413383089,0.5,15,15,0.05,0.1090199481261711,0.1827577629121806,0.13917917385424317,0.1437880370256024,-0.03476808889943128,-0.3617281247146139,-0.07492848213076392,-0.11942074177630634,False,0.1102432165450653,0.17146495497408254,0.15059382158940426,0.150355157213927
10,-100.81988435610518,0.5,15,5,0.0,0.10739416449691275,0.1827577629121806,0.13917917385424317,0.1437880370256024,-0.03639387252868964,-0.32725233543393517,-0.0858085076392621,-0.12514764398028647,False,0.1063517462268797,0.17146495497408254,0.15059382158940426,0.150355157213927
63,-100.88482825928484,0.52,20,15,0.05,0.1091536506841615,0.1827577629121806,0.13917917385424317,0.1437880370256024,-0.03463438634144089,-0.3590652944268977,-0.07686784999418696,-0.11917239110186206,False,0.09086656644128532,0.17146495497408254,0.15059382158940426,0.150355157213927
36,-100.88482825928484,0.5,25,15,0.05,0.1091536506841615,0.1827577629121806,0.13917917385424317,0.1437880370256024,-0.03463438634144089,-0.3590652944268977,-0.07686784999418696,-0.11917239110186206,False,0.09086656644128532,0.17146495497408254,0.15059382158940426,0.150355157213927
27,-100.88482825928484,0.5,20,15,0.05,0.1091536506841615,0.1827577629121806,0.13917917385424317,0.1437880370256024,-0.03463438634144089,-0.3590652944268977,-0.07686784999418696,-0.11917239110186206,False,0.09086656644128532,0.17146495497408254,0.15059382158940426,0.150355157213927
72,-100.88482825928484,0.52,25,15,0.05,0.1091536506841615,0.1827577629121806,0.13917917385424317,0.1437880370256024,-0.03463438634144089,-0.3590652944268977,-0.07686784999418696,-0.11917239110186206,False,0.09086656644128532,0.17146495497408254,0.15059382158940426,0.150355157213927
109,-100.90287276991441,0.55,10,5,0.0,0.10918732485273619,0.1827577629121806,0.13917917385424317,0.1437880370256024,-0.0346007121728662,-0.32941736548097944,-0.07843898607454043,-0.11697337992130748,False,0.086634093548966,0.17146495497408254,0.15059382158940426,0.150355157213927
111,-100.90287276991441,0.55,10,5,0.05,0.10918732485273619,0.1827577629121806,0.13917917385424317,0.1437880370256024,-0.0346007121728662,-0.32941736548097944,-0.07843898607454043,-0.11697337992130748,False,0.086634093548966,0.17146495497408254,0.15059382158940426,0.150355157213927
110,-100.90287276991441,0.55,10,5,0.03,0.10918732485273619,0.1827577629121806,0.13917917385424317,0.1437880370256024,-0.0346007121728662,-0.32941736548097944,-0.07843898607454043,-0.11697337992130748,False,0.086634093548966,0.17146495497408254,0.15059382158940426,0.150355157213927
28,-100.91602083486517,0.5,25,5,0.0,0.09865998289393918,0.1827577629121806,0.13917917385424317,0.1437880370256024,-0.04512805413166321,-0.3235675712093583,-0.08667465664385281,-0.15535127285938782,False,0.10050316918961966,0.17146495497408254,0.15059382158940426,0.150355157213927
19,-100.91602083486517,0.5,20,5,0.0,0.09865998289393918,0.1827577629121806,0.13917917385424317,0.1437880370256024,-0.04512805413166321,-0.3235675712093583,-0.08667465664385281,-0.15535127285938782,False,0.10050316918961966,0.17146495497408254,0.15059382158940426,0.150355157213927
74,-101.05602262759118,0.53,10,5,0.03,0.09713917558649099,0.1827577629121806,0.13917917385424317,0.1437880370256024,-0.0466488614391114,-0.36267506469470934,-0.07824965207628966,-0.15995015741661742,False,0.08216427291029005,0.17146495497408254,0.15059382158940426,0.150355157213927
75,-101.05602262759118,0.53,10,5,0.05,0.09713917558649099,0.1827577629121806,0.13917917385424317,0.1437880370256024,-0.0466488614391114,-0.36267506469470934,-0.07824965207628966,-0.15995015741661742,False,0.08216427291029005,0.17146495497408254,0.15059382158940426,0.150355157213927
73,-101.05602262759118,0.53,10,5,0.0,0.09713917558649099,0.1827577629121806,0.13917917385424317,0.1437880370256024,-0.0466488614391114,-0.36267506469470934,-0.07824965207628966,-0.15995015741661742,False,0.08216427291029005,0.17146495497408254,0.15059382158940426,0.150355157213927
119,-101.20734131529117,0.55,15,5,0.03,0.0926776862176577,0.1827577629121806,0.13917917385424317,0.1437880370256024,-0.05111035080794468,-0.37698591658863845,-0.0798358071556885,-0.1734944957179581,False,0.06559944871533263,0.17146495497408254,0.15059382158940426,0.150355157213927
118,-101.20734131529117,0.55,15,5,0.0,0.0926776862176577,0.1827577629121806,0.13917917385424317,0.1437880370256024,-0.05111035080794468,-0.37698591658863845,-0.0798358071556885,-0.1734944957179581,False,0.06559944871533263,0.17146495497408254,0.15059382158940426,0.150355157213927
120,-101.20734131529117,0.55,15,5,0.05,0.0926776862176577,0.1827577629121806,0.13917917385424317,0.1437880370256024,-0.05111035080794468,-0.37698591658863845,-0.0798358071556885,-0.1734944957179581,False,0.06559944871533263,0.17146495497408254,0.15059382158940426,0.150355157213927
2,-101.24568144830211,0.5,10,5,0.03,0.08943979428627946,0.1827577629121806,0.13917917385424317,0.1437880370256024,-0.05434824273932293,-0.39577841463272334,-0.07998104277969546,-0.1860487230971313,False,0.07223596261693177,0.17146495497408254,0.15059382158940426,0.150355157213927
83,-101.2551918379564,0.53,15,5,0.03,0.08625909825866307,0.1827577629121806,0.13917917385424317,0.1437880370256024,-0.05752893876693932,-0.38826550505643265,-0.07846295634461048,-0.19851143202862928,False,0.0726949829041299,0.17146495497408254,0.15059382158940426,0.150355157213927
84,-101.2551918379564,0.53,15,5,0.05,0.08625909825866307,0.1827577629121806,0.13917917385424317,0.1437880370256024,-0.05752893876693932,-0.38826550505643265,-0.07846295634461048,-0.19851143202862928,False,0.0726949829041299,0.17146495497408254,0.15059382158940426,0.150355157213927
82,-101.2551918379564,0.53,15,5,0.0,0.08625909825866307,0.1827577629121806,0.13917917385424317,0.1437880370256024,-0.05752893876693932,-0.38826550505643265,-0.07846295634461048,-0.19851143202862928,False,0.0726949829041299,0.17146495497408254,0.15059382158940426,0.150355157213927
37,-101.2575381611725,0.52,10,5,0.0,0.08806531853445043,0.1827577629121806,0.13917917385424317,0.1437880370256024,-0.05572271849115196,-0.38279605355877777,-0.07441409007744769,-0.19052973997692035,False,0.07182149916863989,0.17146495497408254,0.15059382158940426,0.150355157213927
38,-101.2575381611725,0.52,10,5,0.03,0.08806531853445043,0.1827577629121806,0.13917917385424317,0.1437880370256024,-0.05572271849115196,-0.38279605355877777,-0.07441409007744769,-0.19052973997692035,False,0.07182149916863989,0.17146495497408254,0.15059382158940426,0.150355157213927
128,-101.29770214737106,0.55,20,5,0.03,0.0817360359849717,0.1827577629121806,0.13917917385424317,0.1437880370256024,-0.06205200104063069,-0.3345945681941469,-0.08116580981637414,-0.21042617505640782,False,0.058119600654110704,0.17146495497408254,0.15059382158940426,0.150355157213927
137,-101.29770214737106,0.55,25,5,0.03,0.0817360359849717,0.1827577629121806,0.13917917385424317,0.1437880370256024,-0.06205200104063069,-0.3345945681941469,-0.08116580981637414,-0.21042617505640782,False,0.058119600654110704,0.17146495497408254,0.15059382158940426,0.150355157213927
138,-101.29770214737106,0.55,25,5,0.05,0.0817360359849717,0.1827577629121806,0.13917917385424317,0.1437880370256024,-0.06205200104063069,-0.3345945681941469,-0.08116580981637414,-0.21042617505640782,False,0.058119600654110704,0.17146495497408254,0.15059382158940426,0.150355157213927
136,-101.29770214737106,0.55,25,5,0.0,0.0817360359849717,0.1827577629121806,0.13917917385424317,0.1437880370256024,-0.06205200104063069,-0.3345945681941469,-0.08116580981637414,-0.21042617505640782,False,0.058119600654110704,0.17146495497408254,0.15059382158940426,0.150355157213927
129,-101.29770214737106,0.55,20,5,0.05,0.0817360359849717,0.1827577629121806,0.13917917385424317,0.1437880370256024,-0.06205200104063069,-0.3345945681941469,-0.08116580981637414,-0.21042617505640782,False,0.058119600654110704,0.17146495497408254,0.15059382158940426,0.150355157213927
127,-101.29770214737106,0.55,20,5,0.0,0.0817360359849717,0.1827577629121806,0.13917917385424317,0.1437880370256024,-0.06205200104063069,-0.3345945681941469,-0.08116580981637414,-0.21042617505640782,False,0.058119600654110704,0.17146495497408254,0.15059382158940426,0.150355157213927
11,-101.32848442399789,0.5,15,5,0.03,0.08089107077471036,0.1827577629121806,0.13917917385424317,0.1437880370256024,-0.06289696625089203,-0.4050173158950161,-0.07968409306165036,-0.21702933233225058,False,0.07122276677957884,0.17146495497408254,0.15059382158940426,0.150355157213927
39,-101.34028174933486,0.52,10,5,0.05,0.07909167779894277,0.1827577629121806,0.13917917385424317,0.1437880370256024,-0.06469635922665962,-0.40821725135869624,-0.07406857300744438,-0.22117443530299633,False,0.07122159261385441,0.17146495497408254,0.15059382158940426,0.150355157213927
3,-101.34028174933486,0.5,10,5,0.05,0.07909167779894277,0.1827577629121806,0.13917917385424317,0.1437880370256024,-0.06469635922665962,-0.40821725135869624,-0.07406857300744438,-0.22117443530299633,False,0.07122159261385441,0.17146495497408254,0.15059382158940426,0.150355157213927
47,-101.35253067388136,0.52,15,5,0.03,0.0795322424087983,0.1827577629121806,0.13917917385424317,0.1437880370256024,-0.06425579461680408,-0.40038392556285674,-0.07493709076121886,-0.22139179316029622,False,0.0719369531203069,0.17146495497408254,0.15059382158940426,0.150355157213927
46,-101.35253067388136,0.52,15,5,0.0,0.0795322424087983,0.1827577629121806,0.13917917385424317,0.1437880370256024,-0.06425579461680408,-0.40038392556285674,-0.07493709076121886,-0.22139179316029622,False,0.0719369531203069,0.17146495497408254,0.15059382158940426,0.150355157213927
20,-101.43417065082166,0.5,20,5,0.03,0.07217205879621535,0.1827577629121806,0.13917917385424317,0.1437880370256024,-0.07161597822938703,-0.40816597219553663,-0.08032980801039824,-0.24721509228613825,False,0.06436846368961935,0.17146495497408254,0.15059382158940426,0.150355157213927
29,-101.43417065082166,0.5,25,5,0.03,0.07217205879621535,0.1827577629121806,0.13917917385424317,0.1437880370256024,-0.07161597822938703,-0.40816597219553663,-0.08032980801039824,-0.24721509228613825,False,0.06436846368961935,0.17146495497408254,0.15059382158940426,0.150355157213927
12,-101.45896503511781,0.5,15,5,0.05,0.06973116523931178,0.1827577629121806,0.13917917385424317,0.1437880370256024,-0.07405687178629061,-0.41584960153850026,-0.07477748958559645,-0.2549111028367957,False,0.06732297325939207,0.17146495497408254,0.15059382158940426,0.150355157213927
48,-101.45896503511781,0.52,15,5,0.05,0.06973116523931178,0.1827577629121806,0.13917917385424317,0.1437880370256024,-0.07405687178629061,-0.41584960153850026,-0.07477748958559645,-0.2549111028367957,False,0.06732297325939207,0.17146495497408254,0.15059382158940426,0.150355157213927
102,-101.4703488010519,0.53,25,5,0.05,0.0719789903061141,0.1827577629121806,0.13917917385424317,0.1437880370256024,-0.07180904671948829,-0.40922635652367156,-0.08010110326807207,-0.2477360838744219,False,0.06329893564294187,0.17146495497408254,0.15059382158940426,0.150355157213927
100,-101.4703488010519,0.53,25,5,0.0,0.0719789903061141,0.1827577629121806,0.13917917385424317,0.1437880370256024,-0.07180904671948829,-0.40922635652367156,-0.08010110326807207,-0.2477360838744219,False,0.06329893564294187,0.17146495497408254,0.15059382158940426,0.150355157213927
92,-101.4703488010519,0.53,20,5,0.03,0.0719789903061141,0.1827577629121806,0.13917917385424317,0.1437880370256024,-0.07180904671948829,-0.40922635652367156,-0.08010110326807207,-0.2477360838744219,False,0.06329893564294187,0.17146495497408254,0.15059382158940426,0.150355157213927
91,-101.4703488010519,0.53,20,5,0.0,0.0719789903061141,0.1827577629121806,0.13917917385424317,0.1437880370256024,-0.07180904671948829,-0.40922635652367156,-0.08010110326807207,-0.2477360838744219,False,0.06329893564294187,0.17146495497408254,0.15059382158940426,0.150355157213927
101,-101.4703488010519,0.53,25,5,0.03,0.0719789903061141,0.1827577629121806,0.13917917385424317,0.1437880370256024,-0.07180904671948829,-0.40922635652367156,-0.08010110326807207,-0.2477360838744219,False,0.06329893564294187,0.17146495497408254,0.15059382158940426,0.150355157213927
93,-101.4703488010519,0.53,20,5,0.05,0.0719789903061141,0.1827577629121806,0.13917917385424317,0.1437880370256024,-0.07180904671948829,-0.40922635652367156,-0.08010110326807207,-0.2477360838744219,False,0.06329893564294187,0.17146495497408254,0.15059382158940426,0.150355157213927
56,-101.5140253784266,0.52,20,5,0.03,0.0688129547240055,0.1827577629121806,0.13917917385424317,0.1437880370256024,-0.07497508230159688,-0.4150702184112074,-0.07619415957408976,-0.2582801983304361,False,0.06603108250249812,0.17146495497408254,0.15059382158940426,0.150355157213927
55,-101.5140253784266,0.52,20,5,0.0,0.0688129547240055,0.1827577629121806,0.13917917385424317,0.1437880370256024,-0.07497508230159688,-0.4150702184112074,-0.07619415957408976,-0.2582801983304361,False,0.06603108250249812,0.17146495497408254,0.15059382158940426,0.150355157213927
64,-101.5140253784266,0.52,25,5,0.0,0.0688129547240055,0.1827577629121806,0.13917917385424317,0.1437880370256024,-0.07497508230159688,-0.4150702184112074,-0.07619415957408976,-0.2582801983304361,False,0.06603108250249812,0.17146495497408254,0.15059382158940426,0.150355157213927
65,-101.5140253784266,0.52,25,5,0.03,0.0688129547240055,0.1827577629121806,0.13917917385424317,0.1437880370256024,-0.07497508230159688,-0.4150702184112074,-0.07619415957408976,-0.2582801983304361,False,0.06603108250249812,0.17146495497408254,0.15059382158940426,0.150355157213927
66,-101.63259928174504,0.52,25,5,0.05,0.057864243954451666,0.1827577629121806,0.13917917385424317,0.1437880370256024,-0.08592379307115072,-0.41979704196361856,-0.07666647662888913,-0.2956552606291568,False,0.05948060639216801,0.17146495497408254,0.15059382158940426,0.150355157213927
57,-101.63259928174504,0.52,20,5,0.05,0.057864243954451666,0.1827577629121806,0.13917917385424317,0.1437880370256024,-0.08592379307115072,-0.41979704196361856,-0.07666647662888913,-0.2956552606291568,False,0.05948060639216801,0.17146495497408254,0.15059382158940426,0.150355157213927
30,-101.63259928174504,0.5,25,5,0.05,0.057864243954451666,0.1827577629121806,0.13917917385424317,0.1437880370256024,-0.08592379307115072,-0.41979704196361856,-0.07666647662888913,-0.2956552606291568,False,0.05948060639216801,0.17146495497408254,0.15059382158940426,0.150355157213927
21,-101.63259928174504,0.5,20,5,0.05,0.057864243954451666,0.1827577629121806,0.13917917385424317,0.1437880370256024,-0.08592379307115072,-0.41979704196361856,-0.07666647662888913,-0.2956552606291568,False,0.05948060639216801,0.17146495497408254,0.15059382158940426,0.150355157213927
